image_id,image_path,label_path,year,width,height,resolution,n_objects,has_milco,has_nombo,image_category
0001_2010,data\raw\2010\2010\0001_2010.jpg,data\raw\2010\2010\0001_2010.txt,2010,416,416,416x416,0,False,False,empty
0002_2010,data\raw\2010\2010\0002_2010.jpg,data\raw\2010\2010\0002_2010.txt,2010,1024,1024,1024x1024,0,False,False,empty
0003_2010,data\raw\2010\2010\0003_2010.jpg,data\raw\2010\2010\0003_2010.txt,2010,416,416,416x416,0,False,False,empty
0004_2010,data\raw\2010\2010\0004_2010.jpg,data\raw\2010\2010\0004_2010.txt,2010,1024,1024,1024x1024,0,False,False,empty
0005_2010,data\raw\2010\2010\0005_2010.jpg,data\raw\2010\2010\0005_2010.txt,2010,416,416,416x416,0,False,False,empty
0006_2010,data\raw\2010\2010\0006_2010.jpg,data\raw\2010\2010\0006_2010.txt,2010,1024,1024,1024x1024,0,False,False,empty
0007_2010,data\raw\2010\2010\0007_2010.jpg,data\raw\2010\2010\0007_2010.txt,2010,1024,1024,1024x1024,0,False,False,empty
0008_2010,data\raw\2010\2010\0008_2010.jpg,data\raw\2010\2010\0008_2010.txt,2010,416,416,416x416,0,False,False,empty
0009_2010,data\raw\2010\2010\0009_2010.jpg,data\raw\2010\2010\0009_2010.txt,2010,416,416,416x416,0,False,False,empty
0010_2010,data\raw\2010\2010\0010_2010.jpg,data\raw\2010\2010\0010_2010.txt,2010,1024,1024,1024x1024,0,False,False,empty
0011_2010,data\raw\2010\2010\0011_2010.jpg,data\raw\2010\2010\0011_2010.txt,2010,416,416,416x416,0,False,False,empty
0012_2010,data\raw\2010\2010\0012_2010.jpg,data\raw\2010\2010\0012_2010.txt,2010,1024,1024,1024x1024,0,False,False,empty
0013_2010,data\raw\2010\2010\0013_2010.jpg,data\raw\2010\2010\0013_2010.txt,2010,1024,1024,1024x1024,0,False,False,empty
0014_2010,data\raw\2010\2010\0014_2010.jpg,data\raw\2010\2010\0014_2010.txt,2010,1024,1024,1024x1024,0,False,False,empty
0015_2010,data\raw\2010\2010\0015_2010.jpg,data\raw\2010\2010\0015_2010.txt,2010,416,416,416x416,0,False,False,empty
0016_2010,data\raw\2010\2010\0016_2010.jpg,data\raw\2010\2010\0016_2010.txt,2010,1024,1024,1024x1024,0,False,False,empty
0017_2010,data\raw\2010\2010\0017_2010.jpg,data\raw\2010\2010\0017_2010.txt,2010,1024,1024,1024x1024,0,False,False,empty
0018_2010,data\raw\2010\2010\0018_2010.jpg,data\raw\2010\2010\0018_2010.txt,2010,1024,1024,1024x1024,0,False,False,empty
0019_2010,data\raw\2010\2010\0019_2010.jpg,data\raw\2010\2010\0019_2010.txt,2010,416,416,416x416,0,False,False,empty
0020_2010,data\raw\2010\2010\0020_2010.jpg,data\raw\2010\2010\0020_2010.txt,2010,1024,1024,1024x1024,0,False,False,empty
0021_2010,data\raw\2010\2010\0021_2010.jpg,data\raw\2010\2010\0021_2010.txt,2010,1024,1024,1024x1024,0,False,False,empty
0022_2010,data\raw\2010\2010\0022_2010.jpg,data\raw\2010\2010\0022_2010.txt,2010,1024,1024,1024x1024,0,False,False,empty
0023_2010,data\raw\2010\2010\0023_2010.jpg,data\raw\2010\2010\0023_2010.txt,2010,416,416,416x416,0,False,False,empty
0024_2010,data\raw\2010\2010\0024_2010.jpg,data\raw\2010\2010\0024_2010.txt,2010,416,416,416x416,0,False,False,empty
0025_2010,data\raw\2010\2010\0025_2010.jpg,data\raw\2010\2010\0025_2010.txt,2010,1024,1024,1024x1024,0,False,False,empty
0026_2010,data\raw\2010\2010\0026_2010.jpg,data\raw\2010\2010\0026_2010.txt,2010,1024,1024,1024x1024,0,False,False,empty
0027_2010,data\raw\2010\2010\0027_2010.jpg,data\raw\2010\2010\0027_2010.txt,2010,416,416,416x416,0,False,False,empty
0028_2010,data\raw\2010\2010\0028_2010.jpg,data\raw\2010\2010\0028_2010.txt,2010,1024,1024,1024x1024,0,False,False,empty
0029_2010,data\raw\2010\2010\0029_2010.jpg,data\raw\2010\2010\0029_2010.txt,2010,1024,1024,1024x1024,0,False,False,empty
0030_2010,data\raw\2010\2010\0030_2010.jpg,data\raw\2010\2010\0030_2010.txt,2010,416,416,416x416,0,False,False,empty
0031_2010,data\raw\2010\2010\0031_2010.jpg,data\raw\2010\2010\0031_2010.txt,2010,416,416,416x416,0,False,False,empty
0032_2010,data\raw\2010\2010\0032_2010.jpg,data\raw\2010\2010\0032_2010.txt,2010,1024,1024,1024x1024,0,False,False,empty
0033_2010,data\raw\2010\2010\0033_2010.jpg,data\raw\2010\2010\0033_2010.txt,2010,1024,1024,1024x1024,0,False,False,empty
0034_2010,data\raw\2010\2010\0034_2010.jpg,data\raw\2010\2010\0034_2010.txt,2010,416,416,416x416,0,False,False,empty
0035_2010,data\raw\2010\2010\0035_2010.jpg,data\raw\2010\2010\0035_2010.txt,2010,1024,1024,1024x1024,0,False,False,empty
0036_2010,data\raw\2010\2010\0036_2010.jpg,data\raw\2010\2010\0036_2010.txt,2010,416,416,416x416,0,False,False,empty
0037_2010,data\raw\2010\2010\0037_2010.jpg,data\raw\2010\2010\0037_2010.txt,2010,416,416,416x416,0,False,False,empty
0038_2010,data\raw\2010\2010\0038_2010.jpg,data\raw\2010\2010\0038_2010.txt,2010,1024,1024,1024x1024,0,False,False,empty
0039_2010,data\raw\2010\2010\0039_2010.jpg,data\raw\2010\2010\0039_2010.txt,2010,1024,1024,1024x1024,0,False,False,empty
0040_2010,data\raw\2010\2010\0040_2010.jpg,data\raw\2010\2010\0040_2010.txt,2010,416,416,416x416,0,False,False,empty
0041_2010,data\raw\2010\2010\0041_2010.jpg,data\raw\2010\2010\0041_2010.txt,2010,1024,1024,1024x1024,0,False,False,empty
0042_2010,data\raw\2010\2010\0042_2010.jpg,data\raw\2010\2010\0042_2010.txt,2010,416,416,416x416,0,False,False,empty
0043_2010,data\raw\2010\2010\0043_2010.jpg,data\raw\2010\2010\0043_2010.txt,2010,1024,1024,1024x1024,0,False,False,empty
0044_2010,data\raw\2010\2010\0044_2010.jpg,data\raw\2010\2010\0044_2010.txt,2010,1024,1024,1024x1024,0,False,False,empty
0045_2010,data\raw\2010\2010\0045_2010.jpg,data\raw\2010\2010\0045_2010.txt,2010,1024,1024,1024x1024,0,False,False,empty
0046_2010,data\raw\2010\2010\0046_2010.jpg,data\raw\2010\2010\0046_2010.txt,2010,416,416,416x416,0,False,False,empty
0047_2010,data\raw\2010\2010\0047_2010.jpg,data\raw\2010\2010\0047_2010.txt,2010,1024,1024,1024x1024,0,False,False,empty
0048_2010,data\raw\2010\2010\0048_2010.jpg,data\raw\2010\2010\0048_2010.txt,2010,416,416,416x416,0,False,False,empty
0049_2010,data\raw\2010\2010\0049_2010.jpg,data\raw\2010\2010\0049_2010.txt,2010,416,416,416x416,0,False,False,empty
0050_2010,data\raw\2010\2010\0050_2010.jpg,data\raw\2010\2010\0050_2010.txt,2010,1024,1024,1024x1024,0,False,False,empty
0051_2010,data\raw\2010\2010\0051_2010.jpg,data\raw\2010\2010\0051_2010.txt,2010,1024,1024,1024x1024,0,False,False,empty
0052_2010,data\raw\2010\2010\0052_2010.jpg,data\raw\2010\2010\0052_2010.txt,2010,416,416,416x416,0,False,False,empty
0053_2010,data\raw\2010\2010\0053_2010.jpg,data\raw\2010\2010\0053_2010.txt,2010,1024,1024,1024x1024,0,False,False,empty
0054_2010,data\raw\2010\2010\0054_2010.jpg,data\raw\2010\2010\0054_2010.txt,2010,416,416,416x416,0,False,False,empty
0055_2010,data\raw\2010\2010\0055_2010.jpg,data\raw\2010\2010\0055_2010.txt,2010,416,416,416x416,0,False,False,empty
0056_2010,data\raw\2010\2010\0056_2010.jpg,data\raw\2010\2010\0056_2010.txt,2010,1024,1024,1024x1024,0,False,False,empty
0057_2010,data\raw\2010\2010\0057_2010.jpg,data\raw\2010\2010\0057_2010.txt,2010,416,416,416x416,0,False,False,empty
0058_2010,data\raw\2010\2010\0058_2010.jpg,data\raw\2010\2010\0058_2010.txt,2010,1024,1024,1024x1024,0,False,False,empty
0059_2010,data\raw\2010\2010\0059_2010.jpg,data\raw\2010\2010\0059_2010.txt,2010,416,416,416x416,0,False,False,empty
0060_2010,data\raw\2010\2010\0060_2010.jpg,data\raw\2010\2010\0060_2010.txt,2010,1024,1024,1024x1024,0,False,False,empty
0061_2010,data\raw\2010\2010\0061_2010.jpg,data\raw\2010\2010\0061_2010.txt,2010,416,416,416x416,1,False,True,nombo_only
0062_2010,data\raw\2010\2010\0062_2010.jpg,data\raw\2010\2010\0062_2010.txt,2010,1024,1024,1024x1024,1,False,True,nombo_only
0063_2010,data\raw\2010\2010\0063_2010.jpg,data\raw\2010\2010\0063_2010.txt,2010,1024,1024,1024x1024,1,True,False,milco_only
0064_2010,data\raw\2010\2010\0064_2010.jpg,data\raw\2010\2010\0064_2010.txt,2010,1024,1024,1024x1024,0,False,False,empty
0065_2010,data\raw\2010\2010\0065_2010.jpg,data\raw\2010\2010\0065_2010.txt,2010,1024,1024,1024x1024,0,False,False,empty
0066_2010,data\raw\2010\2010\0066_2010.jpg,data\raw\2010\2010\0066_2010.txt,2010,416,416,416x416,0,False,False,empty
0067_2010,data\raw\2010\2010\0067_2010.jpg,data\raw\2010\2010\0067_2010.txt,2010,1024,1024,1024x1024,0,False,False,empty
0068_2010,data\raw\2010\2010\0068_2010.jpg,data\raw\2010\2010\0068_2010.txt,2010,1024,1024,1024x1024,0,False,False,empty
0069_2010,data\raw\2010\2010\0069_2010.jpg,data\raw\2010\2010\0069_2010.txt,2010,416,416,416x416,0,False,False,empty
0070_2010,data\raw\2010\2010\0070_2010.jpg,data\raw\2010\2010\0070_2010.txt,2010,1024,1024,1024x1024,0,False,False,empty
0071_2010,data\raw\2010\2010\0071_2010.jpg,data\raw\2010\2010\0071_2010.txt,2010,1024,1024,1024x1024,0,False,False,empty
0072_2010,data\raw\2010\2010\0072_2010.jpg,data\raw\2010\2010\0072_2010.txt,2010,416,416,416x416,0,False,False,empty
0073_2010,data\raw\2010\2010\0073_2010.jpg,data\raw\2010\2010\0073_2010.txt,2010,416,416,416x416,0,False,False,empty
0074_2010,data\raw\2010\2010\0074_2010.jpg,data\raw\2010\2010\0074_2010.txt,2010,1024,1024,1024x1024,0,False,False,empty
0075_2010,data\raw\2010\2010\0075_2010.jpg,data\raw\2010\2010\0075_2010.txt,2010,1024,1024,1024x1024,0,False,False,empty
0076_2010,data\raw\2010\2010\0076_2010.jpg,data\raw\2010\2010\0076_2010.txt,2010,416,416,416x416,0,False,False,empty
0077_2010,data\raw\2010\2010\0077_2010.jpg,data\raw\2010\2010\0077_2010.txt,2010,1024,1024,1024x1024,0,False,False,empty
0078_2010,data\raw\2010\2010\0078_2010.jpg,data\raw\2010\2010\0078_2010.txt,2010,416,416,416x416,0,False,False,empty
0079_2010,data\raw\2010\2010\0079_2010.jpg,data\raw\2010\2010\0079_2010.txt,2010,1024,1024,1024x1024,0,False,False,empty
0080_2010,data\raw\2010\2010\0080_2010.jpg,data\raw\2010\2010\0080_2010.txt,2010,416,416,416x416,0,False,False,empty
0081_2010,data\raw\2010\2010\0081_2010.jpg,data\raw\2010\2010\0081_2010.txt,2010,1024,1024,1024x1024,0,False,False,empty
0082_2010,data\raw\2010\2010\0082_2010.jpg,data\raw\2010\2010\0082_2010.txt,2010,416,416,416x416,0,False,False,empty
0083_2010,data\raw\2010\2010\0083_2010.jpg,data\raw\2010\2010\0083_2010.txt,2010,1024,1024,1024x1024,0,False,False,empty
0084_2010,data\raw\2010\2010\0084_2010.jpg,data\raw\2010\2010\0084_2010.txt,2010,1024,1024,1024x1024,0,False,False,empty
0085_2010,data\raw\2010\2010\0085_2010.jpg,data\raw\2010\2010\0085_2010.txt,2010,416,416,416x416,0,False,False,empty
0086_2010,data\raw\2010\2010\0086_2010.jpg,data\raw\2010\2010\0086_2010.txt,2010,1024,1024,1024x1024,0,False,False,empty
0087_2010,data\raw\2010\2010\0087_2010.jpg,data\raw\2010\2010\0087_2010.txt,2010,416,416,416x416,0,False,False,empty
0088_2010,data\raw\2010\2010\0088_2010.jpg,data\raw\2010\2010\0088_2010.txt,2010,1024,1024,1024x1024,0,False,False,empty
0089_2010,data\raw\2010\2010\0089_2010.jpg,data\raw\2010\2010\0089_2010.txt,2010,1024,1024,1024x1024,0,False,False,empty
0090_2010,data\raw\2010\2010\0090_2010.jpg,data\raw\2010\2010\0090_2010.txt,2010,416,416,416x416,0,False,False,empty
0091_2010,data\raw\2010\2010\0091_2010.jpg,data\raw\2010\2010\0091_2010.txt,2010,416,416,416x416,0,False,False,empty
0092_2010,data\raw\2010\2010\0092_2010.jpg,data\raw\2010\2010\0092_2010.txt,2010,1024,1024,1024x1024,0,False,False,empty
0093_2010,data\raw\2010\2010\0093_2010.jpg,data\raw\2010\2010\0093_2010.txt,2010,1024,1024,1024x1024,0,False,False,empty
0094_2010,data\raw\2010\2010\0094_2010.jpg,data\raw\2010\2010\0094_2010.txt,2010,416,416,416x416,0,False,False,empty
0095_2010,data\raw\2010\2010\0095_2010.jpg,data\raw\2010\2010\0095_2010.txt,2010,1024,1024,1024x1024,0,False,False,empty
0096_2010,data\raw\2010\2010\0096_2010.jpg,data\raw\2010\2010\0096_2010.txt,2010,1024,1024,1024x1024,0,False,False,empty
0097_2010,data\raw\2010\2010\0097_2010.jpg,data\raw\2010\2010\0097_2010.txt,2010,416,416,416x416,0,False,False,empty
0098_2010,data\raw\2010\2010\0098_2010.jpg,data\raw\2010\2010\0098_2010.txt,2010,416,416,416x416,0,False,False,empty
0099_2010,data\raw\2010\2010\0099_2010.jpg,data\raw\2010\2010\0099_2010.txt,2010,1024,1024,1024x1024,0,False,False,empty
0100_2010,data\raw\2010\2010\0100_2010.jpg,data\raw\2010\2010\0100_2010.txt,2010,1024,1024,1024x1024,0,False,False,empty
0101_2010,data\raw\2010\2010\0101_2010.jpg,data\raw\2010\2010\0101_2010.txt,2010,416,416,416x416,0,False,False,empty
0102_2010,data\raw\2010\2010\0102_2010.jpg,data\raw\2010\2010\0102_2010.txt,2010,416,416,416x416,0,False,False,empty
0103_2010,data\raw\2010\2010\0103_2010.jpg,data\raw\2010\2010\0103_2010.txt,2010,1024,1024,1024x1024,0,False,False,empty
0104_2010,data\raw\2010\2010\0104_2010.jpg,data\raw\2010\2010\0104_2010.txt,2010,1024,1024,1024x1024,0,False,False,empty
0105_2010,data\raw\2010\2010\0105_2010.jpg,data\raw\2010\2010\0105_2010.txt,2010,416,416,416x416,0,False,False,empty
0106_2010,data\raw\2010\2010\0106_2010.jpg,data\raw\2010\2010\0106_2010.txt,2010,1024,1024,1024x1024,0,False,False,empty
0107_2010,data\raw\2010\2010\0107_2010.jpg,data\raw\2010\2010\0107_2010.txt,2010,416,416,416x416,0,False,False,empty
0108_2010,data\raw\2010\2010\0108_2010.jpg,data\raw\2010\2010\0108_2010.txt,2010,1024,1024,1024x1024,0,False,False,empty
0109_2010,data\raw\2010\2010\0109_2010.jpg,data\raw\2010\2010\0109_2010.txt,2010,416,416,416x416,0,False,False,empty
0110_2010,data\raw\2010\2010\0110_2010.jpg,data\raw\2010\2010\0110_2010.txt,2010,416,416,416x416,0,False,False,empty
0111_2010,data\raw\2010\2010\0111_2010.jpg,data\raw\2010\2010\0111_2010.txt,2010,1024,1024,1024x1024,0,False,False,empty
0112_2010,data\raw\2010\2010\0112_2010.jpg,data\raw\2010\2010\0112_2010.txt,2010,416,416,416x416,0,False,False,empty
0113_2010,data\raw\2010\2010\0113_2010.jpg,data\raw\2010\2010\0113_2010.txt,2010,1024,1024,1024x1024,0,False,False,empty
0114_2010,data\raw\2010\2010\0114_2010.jpg,data\raw\2010\2010\0114_2010.txt,2010,1024,1024,1024x1024,0,False,False,empty
0115_2010,data\raw\2010\2010\0115_2010.jpg,data\raw\2010\2010\0115_2010.txt,2010,1024,1024,1024x1024,0,False,False,empty
0116_2010,data\raw\2010\2010\0116_2010.jpg,data\raw\2010\2010\0116_2010.txt,2010,1024,1024,1024x1024,0,False,False,empty
0117_2010,data\raw\2010\2010\0117_2010.jpg,data\raw\2010\2010\0117_2010.txt,2010,1024,1024,1024x1024,0,False,False,empty
0118_2010,data\raw\2010\2010\0118_2010.jpg,data\raw\2010\2010\0118_2010.txt,2010,416,416,416x416,0,False,False,empty
0119_2010,data\raw\2010\2010\0119_2010.jpg,data\raw\2010\2010\0119_2010.txt,2010,1024,1024,1024x1024,0,False,False,empty
0120_2010,data\raw\2010\2010\0120_2010.jpg,data\raw\2010\2010\0120_2010.txt,2010,416,416,416x416,0,False,False,empty
0121_2010,data\raw\2010\2010\0121_2010.jpg,data\raw\2010\2010\0121_2010.txt,2010,1024,1024,1024x1024,0,False,False,empty
0122_2010,data\raw\2010\2010\0122_2010.jpg,data\raw\2010\2010\0122_2010.txt,2010,416,416,416x416,0,False,False,empty
0123_2010,data\raw\2010\2010\0123_2010.jpg,data\raw\2010\2010\0123_2010.txt,2010,1024,1024,1024x1024,0,False,False,empty
0124_2010,data\raw\2010\2010\0124_2010.jpg,data\raw\2010\2010\0124_2010.txt,2010,416,416,416x416,0,False,False,empty
0125_2010,data\raw\2010\2010\0125_2010.jpg,data\raw\2010\2010\0125_2010.txt,2010,1024,1024,1024x1024,0,False,False,empty
0126_2010,data\raw\2010\2010\0126_2010.jpg,data\raw\2010\2010\0126_2010.txt,2010,1024,1024,1024x1024,0,False,False,empty
0127_2010,data\raw\2010\2010\0127_2010.jpg,data\raw\2010\2010\0127_2010.txt,2010,1024,1024,1024x1024,0,False,False,empty
0128_2010,data\raw\2010\2010\0128_2010.jpg,data\raw\2010\2010\0128_2010.txt,2010,416,416,416x416,0,False,False,empty
0129_2010,data\raw\2010\2010\0129_2010.jpg,data\raw\2010\2010\0129_2010.txt,2010,1024,1024,1024x1024,0,False,False,empty
0130_2010,data\raw\2010\2010\0130_2010.jpg,data\raw\2010\2010\0130_2010.txt,2010,416,416,416x416,0,False,False,empty
0131_2010,data\raw\2010\2010\0131_2010.jpg,data\raw\2010\2010\0131_2010.txt,2010,416,416,416x416,0,False,False,empty
0132_2010,data\raw\2010\2010\0132_2010.jpg,data\raw\2010\2010\0132_2010.txt,2010,1024,1024,1024x1024,0,False,False,empty
0133_2010,data\raw\2010\2010\0133_2010.jpg,data\raw\2010\2010\0133_2010.txt,2010,1024,1024,1024x1024,0,False,False,empty
0134_2010,data\raw\2010\2010\0134_2010.jpg,data\raw\2010\2010\0134_2010.txt,2010,416,416,416x416,0,False,False,empty
0135_2010,data\raw\2010\2010\0135_2010.jpg,data\raw\2010\2010\0135_2010.txt,2010,1024,1024,1024x1024,0,False,False,empty
0136_2010,data\raw\2010\2010\0136_2010.jpg,data\raw\2010\2010\0136_2010.txt,2010,416,416,416x416,0,False,False,empty
0137_2010,data\raw\2010\2010\0137_2010.jpg,data\raw\2010\2010\0137_2010.txt,2010,1024,1024,1024x1024,0,False,False,empty
0138_2010,data\raw\2010\2010\0138_2010.jpg,data\raw\2010\2010\0138_2010.txt,2010,416,416,416x416,0,False,False,empty
0139_2010,data\raw\2010\2010\0139_2010.jpg,data\raw\2010\2010\0139_2010.txt,2010,1024,1024,1024x1024,0,False,False,empty
0140_2010,data\raw\2010\2010\0140_2010.jpg,data\raw\2010\2010\0140_2010.txt,2010,1024,1024,1024x1024,0,False,False,empty
0141_2010,data\raw\2010\2010\0141_2010.jpg,data\raw\2010\2010\0141_2010.txt,2010,1024,1024,1024x1024,0,False,False,empty
0142_2010,data\raw\2010\2010\0142_2010.jpg,data\raw\2010\2010\0142_2010.txt,2010,416,416,416x416,0,False,False,empty
0143_2010,data\raw\2010\2010\0143_2010.jpg,data\raw\2010\2010\0143_2010.txt,2010,1024,1024,1024x1024,0,False,False,empty
0144_2010,data\raw\2010\2010\0144_2010.jpg,data\raw\2010\2010\0144_2010.txt,2010,1024,1024,1024x1024,0,False,False,empty
0145_2010,data\raw\2010\2010\0145_2010.jpg,data\raw\2010\2010\0145_2010.txt,2010,416,416,416x416,0,False,False,empty
0146_2010,data\raw\2010\2010\0146_2010.jpg,data\raw\2010\2010\0146_2010.txt,2010,1024,1024,1024x1024,0,False,False,empty
0147_2010,data\raw\2010\2010\0147_2010.jpg,data\raw\2010\2010\0147_2010.txt,2010,416,416,416x416,0,False,False,empty
0148_2010,data\raw\2010\2010\0148_2010.jpg,data\raw\2010\2010\0148_2010.txt,2010,1024,1024,1024x1024,0,False,False,empty
0149_2010,data\raw\2010\2010\0149_2010.jpg,data\raw\2010\2010\0149_2010.txt,2010,1024,1024,1024x1024,0,False,False,empty
0150_2010,data\raw\2010\2010\0150_2010.jpg,data\raw\2010\2010\0150_2010.txt,2010,416,416,416x416,0,False,False,empty
0151_2010,data\raw\2010\2010\0151_2010.jpg,data\raw\2010\2010\0151_2010.txt,2010,1024,1024,1024x1024,0,False,False,empty
0152_2010,data\raw\2010\2010\0152_2010.jpg,data\raw\2010\2010\0152_2010.txt,2010,1024,1024,1024x1024,0,False,False,empty
0153_2010,data\raw\2010\2010\0153_2010.jpg,data\raw\2010\2010\0153_2010.txt,2010,416,416,416x416,0,False,False,empty
0154_2010,data\raw\2010\2010\0154_2010.jpg,data\raw\2010\2010\0154_2010.txt,2010,1024,1024,1024x1024,0,False,False,empty
0155_2010,data\raw\2010\2010\0155_2010.jpg,data\raw\2010\2010\0155_2010.txt,2010,416,416,416x416,0,False,False,empty
0156_2010,data\raw\2010\2010\0156_2010.jpg,data\raw\2010\2010\0156_2010.txt,2010,1024,1024,1024x1024,0,False,False,empty
0157_2010,data\raw\2010\2010\0157_2010.jpg,data\raw\2010\2010\0157_2010.txt,2010,1024,1024,1024x1024,0,False,False,empty
0158_2010,data\raw\2010\2010\0158_2010.jpg,data\raw\2010\2010\0158_2010.txt,2010,416,416,416x416,0,False,False,empty
0159_2010,data\raw\2010\2010\0159_2010.jpg,data\raw\2010\2010\0159_2010.txt,2010,1024,1024,1024x1024,0,False,False,empty
0160_2010,data\raw\2010\2010\0160_2010.jpg,data\raw\2010\2010\0160_2010.txt,2010,1024,1024,1024x1024,0,False,False,empty
0161_2010,data\raw\2010\2010\0161_2010.jpg,data\raw\2010\2010\0161_2010.txt,2010,416,416,416x416,0,False,False,empty
0162_2010,data\raw\2010\2010\0162_2010.jpg,data\raw\2010\2010\0162_2010.txt,2010,416,416,416x416,0,False,False,empty
0163_2010,data\raw\2010\2010\0163_2010.jpg,data\raw\2010\2010\0163_2010.txt,2010,1024,1024,1024x1024,0,False,False,empty
0164_2010,data\raw\2010\2010\0164_2010.jpg,data\raw\2010\2010\0164_2010.txt,2010,1024,1024,1024x1024,0,False,False,empty
0165_2010,data\raw\2010\2010\0165_2010.jpg,data\raw\2010\2010\0165_2010.txt,2010,416,416,416x416,0,False,False,empty
0166_2010,data\raw\2010\2010\0166_2010.jpg,data\raw\2010\2010\0166_2010.txt,2010,416,416,416x416,0,False,False,empty
0167_2010,data\raw\2010\2010\0167_2010.jpg,data\raw\2010\2010\0167_2010.txt,2010,1024,1024,1024x1024,0,False,False,empty
0168_2010,data\raw\2010\2010\0168_2010.jpg,data\raw\2010\2010\0168_2010.txt,2010,416,416,416x416,0,False,False,empty
0169_2010,data\raw\2010\2010\0169_2010.jpg,data\raw\2010\2010\0169_2010.txt,2010,1024,1024,1024x1024,0,False,False,empty
0170_2010,data\raw\2010\2010\0170_2010.jpg,data\raw\2010\2010\0170_2010.txt,2010,1024,1024,1024x1024,0,False,False,empty
0171_2010,data\raw\2010\2010\0171_2010.jpg,data\raw\2010\2010\0171_2010.txt,2010,416,416,416x416,0,False,False,empty
0172_2010,data\raw\2010\2010\0172_2010.jpg,data\raw\2010\2010\0172_2010.txt,2010,1024,1024,1024x1024,0,False,False,empty
0173_2010,data\raw\2010\2010\0173_2010.jpg,data\raw\2010\2010\0173_2010.txt,2010,416,416,416x416,0,False,False,empty
0174_2010,data\raw\2010\2010\0174_2010.jpg,data\raw\2010\2010\0174_2010.txt,2010,1024,1024,1024x1024,0,False,False,empty
0175_2010,data\raw\2010\2010\0175_2010.jpg,data\raw\2010\2010\0175_2010.txt,2010,416,416,416x416,0,False,False,empty
0176_2010,data\raw\2010\2010\0176_2010.jpg,data\raw\2010\2010\0176_2010.txt,2010,1024,1024,1024x1024,0,False,False,empty
0177_2010,data\raw\2010\2010\0177_2010.jpg,data\raw\2010\2010\0177_2010.txt,2010,1024,1024,1024x1024,0,False,False,empty
0178_2010,data\raw\2010\2010\0178_2010.jpg,data\raw\2010\2010\0178_2010.txt,2010,1024,1024,1024x1024,0,False,False,empty
0179_2010,data\raw\2010\2010\0179_2010.jpg,data\raw\2010\2010\0179_2010.txt,2010,416,416,416x416,0,False,False,empty
0180_2010,data\raw\2010\2010\0180_2010.jpg,data\raw\2010\2010\0180_2010.txt,2010,1024,1024,1024x1024,0,False,False,empty
0181_2010,data\raw\2010\2010\0181_2010.jpg,data\raw\2010\2010\0181_2010.txt,2010,1024,1024,1024x1024,0,False,False,empty
0182_2010,data\raw\2010\2010\0182_2010.jpg,data\raw\2010\2010\0182_2010.txt,2010,1024,1024,1024x1024,0,False,False,empty
0183_2010,data\raw\2010\2010\0183_2010.jpg,data\raw\2010\2010\0183_2010.txt,2010,416,416,416x416,0,False,False,empty
0184_2010,data\raw\2010\2010\0184_2010.jpg,data\raw\2010\2010\0184_2010.txt,2010,1024,1024,1024x1024,0,False,False,empty
0185_2010,data\raw\2010\2010\0185_2010.jpg,data\raw\2010\2010\0185_2010.txt,2010,416,416,416x416,0,False,False,empty
0186_2010,data\raw\2010\2010\0186_2010.jpg,data\raw\2010\2010\0186_2010.txt,2010,416,416,416x416,0,False,False,empty
0187_2010,data\raw\2010\2010\0187_2010.jpg,data\raw\2010\2010\0187_2010.txt,2010,1024,1024,1024x1024,0,False,False,empty
0188_2010,data\raw\2010\2010\0188_2010.jpg,data\raw\2010\2010\0188_2010.txt,2010,1024,1024,1024x1024,0,False,False,empty
0189_2010,data\raw\2010\2010\0189_2010.jpg,data\raw\2010\2010\0189_2010.txt,2010,416,416,416x416,0,False,False,empty
0190_2010,data\raw\2010\2010\0190_2010.jpg,data\raw\2010\2010\0190_2010.txt,2010,416,416,416x416,0,False,False,empty
0191_2010,data\raw\2010\2010\0191_2010.jpg,data\raw\2010\2010\0191_2010.txt,2010,1024,1024,1024x1024,0,False,False,empty
0192_2010,data\raw\2010\2010\0192_2010.jpg,data\raw\2010\2010\0192_2010.txt,2010,1024,1024,1024x1024,0,False,False,empty
0193_2010,data\raw\2010\2010\0193_2010.jpg,data\raw\2010\2010\0193_2010.txt,2010,416,416,416x416,0,False,False,empty
0194_2010,data\raw\2010\2010\0194_2010.jpg,data\raw\2010\2010\0194_2010.txt,2010,1024,1024,1024x1024,0,False,False,empty
0195_2010,data\raw\2010\2010\0195_2010.jpg,data\raw\2010\2010\0195_2010.txt,2010,416,416,416x416,0,False,False,empty
0196_2010,data\raw\2010\2010\0196_2010.jpg,data\raw\2010\2010\0196_2010.txt,2010,1024,1024,1024x1024,0,False,False,empty
0197_2010,data\raw\2010\2010\0197_2010.jpg,data\raw\2010\2010\0197_2010.txt,2010,1024,1024,1024x1024,0,False,False,empty
0198_2010,data\raw\2010\2010\0198_2010.jpg,data\raw\2010\2010\0198_2010.txt,2010,416,416,416x416,0,False,False,empty
0199_2010,data\raw\2010\2010\0199_2010.jpg,data\raw\2010\2010\0199_2010.txt,2010,1024,1024,1024x1024,0,False,False,empty
0200_2010,data\raw\2010\2010\0200_2010.jpg,data\raw\2010\2010\0200_2010.txt,2010,1024,1024,1024x1024,0,False,False,empty
0201_2010,data\raw\2010\2010\0201_2010.jpg,data\raw\2010\2010\0201_2010.txt,2010,1024,1024,1024x1024,0,False,False,empty
0202_2010,data\raw\2010\2010\0202_2010.jpg,data\raw\2010\2010\0202_2010.txt,2010,416,416,416x416,0,False,False,empty
0203_2010,data\raw\2010\2010\0203_2010.jpg,data\raw\2010\2010\0203_2010.txt,2010,416,416,416x416,0,False,False,empty
0204_2010,data\raw\2010\2010\0204_2010.jpg,data\raw\2010\2010\0204_2010.txt,2010,1024,1024,1024x1024,0,False,False,empty
0205_2010,data\raw\2010\2010\0205_2010.jpg,data\raw\2010\2010\0205_2010.txt,2010,1024,1024,1024x1024,0,False,False,empty
0206_2010,data\raw\2010\2010\0206_2010.jpg,data\raw\2010\2010\0206_2010.txt,2010,416,416,416x416,0,False,False,empty
0207_2010,data\raw\2010\2010\0207_2010.jpg,data\raw\2010\2010\0207_2010.txt,2010,1024,1024,1024x1024,1,True,False,milco_only
0208_2010,data\raw\2010\2010\0208_2010.jpg,data\raw\2010\2010\0208_2010.txt,2010,416,416,416x416,1,True,False,milco_only
0209_2010,data\raw\2010\2010\0209_2010.jpg,data\raw\2010\2010\0209_2010.txt,2010,416,416,416x416,0,False,False,empty
0210_2010,data\raw\2010\2010\0210_2010.jpg,data\raw\2010\2010\0210_2010.txt,2010,1024,1024,1024x1024,0,False,False,empty
0211_2010,data\raw\2010\2010\0211_2010.jpg,data\raw\2010\2010\0211_2010.txt,2010,416,416,416x416,0,False,False,empty
0212_2010,data\raw\2010\2010\0212_2010.jpg,data\raw\2010\2010\0212_2010.txt,2010,1024,1024,1024x1024,0,False,False,empty
0213_2010,data\raw\2010\2010\0213_2010.jpg,data\raw\2010\2010\0213_2010.txt,2010,1024,1024,1024x1024,0,False,False,empty
0214_2010,data\raw\2010\2010\0214_2010.jpg,data\raw\2010\2010\0214_2010.txt,2010,416,416,416x416,0,False,False,empty
0215_2010,data\raw\2010\2010\0215_2010.jpg,data\raw\2010\2010\0215_2010.txt,2010,416,416,416x416,0,False,False,empty
0216_2010,data\raw\2010\2010\0216_2010.jpg,data\raw\2010\2010\0216_2010.txt,2010,1024,1024,1024x1024,0,False,False,empty
0217_2010,data\raw\2010\2010\0217_2010.jpg,data\raw\2010\2010\0217_2010.txt,2010,1024,1024,1024x1024,0,False,False,empty
0218_2010,data\raw\2010\2010\0218_2010.jpg,data\raw\2010\2010\0218_2010.txt,2010,416,416,416x416,0,False,False,empty
0219_2010,data\raw\2010\2010\0219_2010.jpg,data\raw\2010\2010\0219_2010.txt,2010,1024,1024,1024x1024,0,False,False,empty
0220_2010,data\raw\2010\2010\0220_2010.jpg,data\raw\2010\2010\0220_2010.txt,2010,416,416,416x416,0,False,False,empty
0221_2010,data\raw\2010\2010\0221_2010.jpg,data\raw\2010\2010\0221_2010.txt,2010,1024,1024,1024x1024,0,False,False,empty
0222_2010,data\raw\2010\2010\0222_2010.jpg,data\raw\2010\2010\0222_2010.txt,2010,416,416,416x416,0,False,False,empty
0223_2010,data\raw\2010\2010\0223_2010.jpg,data\raw\2010\2010\0223_2010.txt,2010,1024,1024,1024x1024,0,False,False,empty
0224_2010,data\raw\2010\2010\0224_2010.jpg,data\raw\2010\2010\0224_2010.txt,2010,416,416,416x416,0,False,False,empty
0225_2010,data\raw\2010\2010\0225_2010.jpg,data\raw\2010\2010\0225_2010.txt,2010,1024,1024,1024x1024,0,False,False,empty
0226_2010,data\raw\2010\2010\0226_2010.jpg,data\raw\2010\2010\0226_2010.txt,2010,416,416,416x416,0,False,False,empty
0227_2010,data\raw\2010\2010\0227_2010.jpg,data\raw\2010\2010\0227_2010.txt,2010,1024,1024,1024x1024,0,False,False,empty
0228_2010,data\raw\2010\2010\0228_2010.jpg,data\raw\2010\2010\0228_2010.txt,2010,416,416,416x416,0,False,False,empty
0229_2010,data\raw\2010\2010\0229_2010.jpg,data\raw\2010\2010\0229_2010.txt,2010,416,416,416x416,0,False,False,empty
0230_2010,data\raw\2010\2010\0230_2010.jpg,data\raw\2010\2010\0230_2010.txt,2010,1024,1024,1024x1024,0,False,False,empty
0231_2010,data\raw\2010\2010\0231_2010.jpg,data\raw\2010\2010\0231_2010.txt,2010,1024,1024,1024x1024,0,False,False,empty
0232_2010,data\raw\2010\2010\0232_2010.jpg,data\raw\2010\2010\0232_2010.txt,2010,416,416,416x416,0,False,False,empty
0233_2010,data\raw\2010\2010\0233_2010.jpg,data\raw\2010\2010\0233_2010.txt,2010,1024,1024,1024x1024,0,False,False,empty
0234_2010,data\raw\2010\2010\0234_2010.jpg,data\raw\2010\2010\0234_2010.txt,2010,416,416,416x416,0,False,False,empty
0235_2010,data\raw\2010\2010\0235_2010.jpg,data\raw\2010\2010\0235_2010.txt,2010,416,416,416x416,0,False,False,empty
0236_2010,data\raw\2010\2010\0236_2010.jpg,data\raw\2010\2010\0236_2010.txt,2010,1024,1024,1024x1024,0,False,False,empty
0237_2010,data\raw\2010\2010\0237_2010.jpg,data\raw\2010\2010\0237_2010.txt,2010,1024,1024,1024x1024,0,False,False,empty
0238_2010,data\raw\2010\2010\0238_2010.jpg,data\raw\2010\2010\0238_2010.txt,2010,416,416,416x416,0,False,False,empty
0239_2010,data\raw\2010\2010\0239_2010.jpg,data\raw\2010\2010\0239_2010.txt,2010,1024,1024,1024x1024,0,False,False,empty
0240_2010,data\raw\2010\2010\0240_2010.jpg,data\raw\2010\2010\0240_2010.txt,2010,1024,1024,1024x1024,0,False,False,empty
0241_2010,data\raw\2010\2010\0241_2010.jpg,data\raw\2010\2010\0241_2010.txt,2010,416,416,416x416,0,False,False,empty
0242_2010,data\raw\2010\2010\0242_2010.jpg,data\raw\2010\2010\0242_2010.txt,2010,1024,1024,1024x1024,0,False,False,empty
0243_2010,data\raw\2010\2010\0243_2010.jpg,data\raw\2010\2010\0243_2010.txt,2010,416,416,416x416,0,False,False,empty
0244_2010,data\raw\2010\2010\0244_2010.jpg,data\raw\2010\2010\0244_2010.txt,2010,1024,1024,1024x1024,0,False,False,empty
0245_2010,data\raw\2010\2010\0245_2010.jpg,data\raw\2010\2010\0245_2010.txt,2010,416,416,416x416,0,False,False,empty
0246_2010,data\raw\2010\2010\0246_2010.jpg,data\raw\2010\2010\0246_2010.txt,2010,416,416,416x416,0,False,False,empty
0247_2010,data\raw\2010\2010\0247_2010.jpg,data\raw\2010\2010\0247_2010.txt,2010,1024,1024,1024x1024,0,False,False,empty
0248_2010,data\raw\2010\2010\0248_2010.jpg,data\raw\2010\2010\0248_2010.txt,2010,416,416,416x416,0,False,False,empty
0249_2010,data\raw\2010\2010\0249_2010.jpg,data\raw\2010\2010\0249_2010.txt,2010,1024,1024,1024x1024,0,False,False,empty
0250_2010,data\raw\2010\2010\0250_2010.jpg,data\raw\2010\2010\0250_2010.txt,2010,1024,1024,1024x1024,0,False,False,empty
0251_2010,data\raw\2010\2010\0251_2010.jpg,data\raw\2010\2010\0251_2010.txt,2010,1024,1024,1024x1024,0,False,False,empty
0252_2010,data\raw\2010\2010\0252_2010.jpg,data\raw\2010\2010\0252_2010.txt,2010,1024,1024,1024x1024,0,False,False,empty
0253_2010,data\raw\2010\2010\0253_2010.jpg,data\raw\2010\2010\0253_2010.txt,2010,416,416,416x416,0,False,False,empty
0254_2010,data\raw\2010\2010\0254_2010.jpg,data\raw\2010\2010\0254_2010.txt,2010,1024,1024,1024x1024,0,False,False,empty
0255_2010,data\raw\2010\2010\0255_2010.jpg,data\raw\2010\2010\0255_2010.txt,2010,1024,1024,1024x1024,0,False,False,empty
0256_2010,data\raw\2010\2010\0256_2010.jpg,data\raw\2010\2010\0256_2010.txt,2010,416,416,416x416,2,True,False,milco_only
0257_2010,data\raw\2010\2010\0257_2010.jpg,data\raw\2010\2010\0257_2010.txt,2010,1024,1024,1024x1024,2,True,False,milco_only
0258_2010,data\raw\2010\2010\0258_2010.jpg,data\raw\2010\2010\0258_2010.txt,2010,1024,1024,1024x1024,0,False,False,empty
0259_2010,data\raw\2010\2010\0259_2010.jpg,data\raw\2010\2010\0259_2010.txt,2010,416,416,416x416,0,False,False,empty
0260_2010,data\raw\2010\2010\0260_2010.jpg,data\raw\2010\2010\0260_2010.txt,2010,1024,1024,1024x1024,0,False,False,empty
0261_2010,data\raw\2010\2010\0261_2010.jpg,data\raw\2010\2010\0261_2010.txt,2010,1024,1024,1024x1024,0,False,False,empty
0262_2010,data\raw\2010\2010\0262_2010.jpg,data\raw\2010\2010\0262_2010.txt,2010,416,416,416x416,0,False,False,empty
0263_2010,data\raw\2010\2010\0263_2010.jpg,data\raw\2010\2010\0263_2010.txt,2010,1024,1024,1024x1024,0,False,False,empty
0264_2010,data\raw\2010\2010\0264_2010.jpg,data\raw\2010\2010\0264_2010.txt,2010,1024,1024,1024x1024,0,False,False,empty
0265_2010,data\raw\2010\2010\0265_2010.jpg,data\raw\2010\2010\0265_2010.txt,2010,1024,1024,1024x1024,0,False,False,empty
0266_2010,data\raw\2010\2010\0266_2010.jpg,data\raw\2010\2010\0266_2010.txt,2010,1024,1024,1024x1024,0,False,False,empty
0267_2010,data\raw\2010\2010\0267_2010.jpg,data\raw\2010\2010\0267_2010.txt,2010,1024,1024,1024x1024,0,False,False,empty
0268_2010,data\raw\2010\2010\0268_2010.jpg,data\raw\2010\2010\0268_2010.txt,2010,416,416,416x416,0,False,False,empty
0269_2010,data\raw\2010\2010\0269_2010.jpg,data\raw\2010\2010\0269_2010.txt,2010,1024,1024,1024x1024,0,False,False,empty
0270_2010,data\raw\2010\2010\0270_2010.jpg,data\raw\2010\2010\0270_2010.txt,2010,1024,1024,1024x1024,0,False,False,empty
0271_2010,data\raw\2010\2010\0271_2010.jpg,data\raw\2010\2010\0271_2010.txt,2010,416,416,416x416,0,False,False,empty
0272_2010,data\raw\2010\2010\0272_2010.jpg,data\raw\2010\2010\0272_2010.txt,2010,416,416,416x416,0,False,False,empty
0273_2010,data\raw\2010\2010\0273_2010.jpg,data\raw\2010\2010\0273_2010.txt,2010,1024,1024,1024x1024,0,False,False,empty
0274_2010,data\raw\2010\2010\0274_2010.jpg,data\raw\2010\2010\0274_2010.txt,2010,416,416,416x416,0,False,False,empty
0275_2010,data\raw\2010\2010\0275_2010.jpg,data\raw\2010\2010\0275_2010.txt,2010,1024,1024,1024x1024,0,False,False,empty
0276_2010,data\raw\2010\2010\0276_2010.jpg,data\raw\2010\2010\0276_2010.txt,2010,1024,1024,1024x1024,0,False,False,empty
0277_2010,data\raw\2010\2010\0277_2010.jpg,data\raw\2010\2010\0277_2010.txt,2010,1024,1024,1024x1024,0,False,False,empty
0278_2010,data\raw\2010\2010\0278_2010.jpg,data\raw\2010\2010\0278_2010.txt,2010,416,416,416x416,0,False,False,empty
0279_2010,data\raw\2010\2010\0279_2010.jpg,data\raw\2010\2010\0279_2010.txt,2010,416,416,416x416,0,False,False,empty
0280_2010,data\raw\2010\2010\0280_2010.jpg,data\raw\2010\2010\0280_2010.txt,2010,1024,1024,1024x1024,0,False,False,empty
0281_2010,data\raw\2010\2010\0281_2010.jpg,data\raw\2010\2010\0281_2010.txt,2010,416,416,416x416,0,False,False,empty
0282_2010,data\raw\2010\2010\0282_2010.jpg,data\raw\2010\2010\0282_2010.txt,2010,1024,1024,1024x1024,0,False,False,empty
0283_2010,data\raw\2010\2010\0283_2010.jpg,data\raw\2010\2010\0283_2010.txt,2010,1024,1024,1024x1024,0,False,False,empty
0284_2010,data\raw\2010\2010\0284_2010.jpg,data\raw\2010\2010\0284_2010.txt,2010,1024,1024,1024x1024,1,True,False,milco_only
0285_2010,data\raw\2010\2010\0285_2010.jpg,data\raw\2010\2010\0285_2010.txt,2010,1024,1024,1024x1024,0,False,False,empty
0286_2010,data\raw\2010\2010\0286_2010.jpg,data\raw\2010\2010\0286_2010.txt,2010,416,416,416x416,0,False,False,empty
0287_2010,data\raw\2010\2010\0287_2010.jpg,data\raw\2010\2010\0287_2010.txt,2010,1024,1024,1024x1024,0,False,False,empty
0288_2010,data\raw\2010\2010\0288_2010.jpg,data\raw\2010\2010\0288_2010.txt,2010,416,416,416x416,0,False,False,empty
0289_2010,data\raw\2010\2010\0289_2010.jpg,data\raw\2010\2010\0289_2010.txt,2010,1024,1024,1024x1024,0,False,False,empty
0290_2010,data\raw\2010\2010\0290_2010.jpg,data\raw\2010\2010\0290_2010.txt,2010,1024,1024,1024x1024,0,False,False,empty
0291_2010,data\raw\2010\2010\0291_2010.jpg,data\raw\2010\2010\0291_2010.txt,2010,416,416,416x416,0,False,False,empty
0292_2010,data\raw\2010\2010\0292_2010.jpg,data\raw\2010\2010\0292_2010.txt,2010,1024,1024,1024x1024,0,False,False,empty
0293_2010,data\raw\2010\2010\0293_2010.jpg,data\raw\2010\2010\0293_2010.txt,2010,416,416,416x416,0,False,False,empty
0294_2010,data\raw\2010\2010\0294_2010.jpg,data\raw\2010\2010\0294_2010.txt,2010,1024,1024,1024x1024,0,False,False,empty
0295_2010,data\raw\2010\2010\0295_2010.jpg,data\raw\2010\2010\0295_2010.txt,2010,416,416,416x416,0,False,False,empty
0296_2010,data\raw\2010\2010\0296_2010.jpg,data\raw\2010\2010\0296_2010.txt,2010,1024,1024,1024x1024,0,False,False,empty
0297_2010,data\raw\2010\2010\0297_2010.jpg,data\raw\2010\2010\0297_2010.txt,2010,1024,1024,1024x1024,0,False,False,empty
0298_2010,data\raw\2010\2010\0298_2010.jpg,data\raw\2010\2010\0298_2010.txt,2010,416,416,416x416,0,False,False,empty
0299_2010,data\raw\2010\2010\0299_2010.jpg,data\raw\2010\2010\0299_2010.txt,2010,416,416,416x416,1,True,False,milco_only
0300_2010,data\raw\2010\2010\0300_2010.jpg,data\raw\2010\2010\0300_2010.txt,2010,1024,1024,1024x1024,1,True,False,milco_only
0301_2010,data\raw\2010\2010\0301_2010.jpg,data\raw\2010\2010\0301_2010.txt,2010,1024,1024,1024x1024,0,False,False,empty
0302_2010,data\raw\2010\2010\0302_2010.jpg,data\raw\2010\2010\0302_2010.txt,2010,1024,1024,1024x1024,1,True,False,milco_only
0303_2010,data\raw\2010\2010\0303_2010.jpg,data\raw\2010\2010\0303_2010.txt,2010,416,416,416x416,0,False,False,empty
0304_2010,data\raw\2010\2010\0304_2010.jpg,data\raw\2010\2010\0304_2010.txt,2010,1024,1024,1024x1024,0,False,False,empty
0305_2010,data\raw\2010\2010\0305_2010.jpg,data\raw\2010\2010\0305_2010.txt,2010,1024,1024,1024x1024,1,True,False,milco_only
0306_2010,data\raw\2010\2010\0306_2010.jpg,data\raw\2010\2010\0306_2010.txt,2010,1024,1024,1024x1024,0,False,False,empty
0307_2010,data\raw\2010\2010\0307_2010.jpg,data\raw\2010\2010\0307_2010.txt,2010,1024,1024,1024x1024,1,True,False,milco_only
0308_2010,data\raw\2010\2010\0308_2010.jpg,data\raw\2010\2010\0308_2010.txt,2010,416,416,416x416,0,False,False,empty
0309_2010,data\raw\2010\2010\0309_2010.jpg,data\raw\2010\2010\0309_2010.txt,2010,1024,1024,1024x1024,0,False,False,empty
0310_2010,data\raw\2010\2010\0310_2010.jpg,data\raw\2010\2010\0310_2010.txt,2010,1024,1024,1024x1024,0,False,False,empty
0311_2010,data\raw\2010\2010\0311_2010.jpg,data\raw\2010\2010\0311_2010.txt,2010,1024,1024,1024x1024,0,False,False,empty
0312_2010,data\raw\2010\2010\0312_2010.jpg,data\raw\2010\2010\0312_2010.txt,2010,416,416,416x416,0,False,False,empty
0313_2010,data\raw\2010\2010\0313_2010.jpg,data\raw\2010\2010\0313_2010.txt,2010,416,416,416x416,1,False,True,nombo_only
0314_2010,data\raw\2010\2010\0314_2010.jpg,data\raw\2010\2010\0314_2010.txt,2010,1024,1024,1024x1024,1,False,True,nombo_only
0315_2010,data\raw\2010\2010\0315_2010.jpg,data\raw\2010\2010\0315_2010.txt,2010,1024,1024,1024x1024,2,True,True,mixed
0316_2010,data\raw\2010\2010\0316_2010.jpg,data\raw\2010\2010\0316_2010.txt,2010,416,416,416x416,2,True,True,mixed
0317_2010,data\raw\2010\2010\0317_2010.jpg,data\raw\2010\2010\0317_2010.txt,2010,1024,1024,1024x1024,1,False,True,nombo_only
0318_2010,data\raw\2010\2010\0318_2010.jpg,data\raw\2010\2010\0318_2010.txt,2010,416,416,416x416,1,False,True,nombo_only
0319_2010,data\raw\2010\2010\0319_2010.jpg,data\raw\2010\2010\0319_2010.txt,2010,1024,1024,1024x1024,0,False,False,empty
0320_2010,data\raw\2010\2010\0320_2010.jpg,data\raw\2010\2010\0320_2010.txt,2010,416,416,416x416,0,False,False,empty
0321_2010,data\raw\2010\2010\0321_2010.jpg,data\raw\2010\2010\0321_2010.txt,2010,1024,1024,1024x1024,0,False,False,empty
0322_2010,data\raw\2010\2010\0322_2010.jpg,data\raw\2010\2010\0322_2010.txt,2010,1024,1024,1024x1024,1,True,False,milco_only
0323_2010,data\raw\2010\2010\0323_2010.jpg,data\raw\2010\2010\0323_2010.txt,2010,1024,1024,1024x1024,0,False,False,empty
0324_2010,data\raw\2010\2010\0324_2010.jpg,data\raw\2010\2010\0324_2010.txt,2010,1024,1024,1024x1024,2,True,True,mixed
0325_2010,data\raw\2010\2010\0325_2010.jpg,data\raw\2010\2010\0325_2010.txt,2010,416,416,416x416,2,True,True,mixed
0326_2010,data\raw\2010\2010\0326_2010.jpg,data\raw\2010\2010\0326_2010.txt,2010,1024,1024,1024x1024,0,False,False,empty
0327_2010,data\raw\2010\2010\0327_2010.jpg,data\raw\2010\2010\0327_2010.txt,2010,1024,1024,1024x1024,1,False,True,nombo_only
0328_2010,data\raw\2010\2010\0328_2010.jpg,data\raw\2010\2010\0328_2010.txt,2010,416,416,416x416,1,False,True,nombo_only
0329_2010,data\raw\2010\2010\0329_2010.jpg,data\raw\2010\2010\0329_2010.txt,2010,1024,1024,1024x1024,0,False,False,empty
0330_2010,data\raw\2010\2010\0330_2010.jpg,data\raw\2010\2010\0330_2010.txt,2010,416,416,416x416,0,False,False,empty
0331_2010,data\raw\2010\2010\0331_2010.jpg,data\raw\2010\2010\0331_2010.txt,2010,1024,1024,1024x1024,0,False,False,empty
0332_2010,data\raw\2010\2010\0332_2010.jpg,data\raw\2010\2010\0332_2010.txt,2010,416,416,416x416,0,False,False,empty
0333_2010,data\raw\2010\2010\0333_2010.jpg,data\raw\2010\2010\0333_2010.txt,2010,1024,1024,1024x1024,0,False,False,empty
0334_2010,data\raw\2010\2010\0334_2010.jpg,data\raw\2010\2010\0334_2010.txt,2010,416,416,416x416,0,False,False,empty
0335_2010,data\raw\2010\2010\0335_2010.jpg,data\raw\2010\2010\0335_2010.txt,2010,416,416,416x416,0,False,False,empty
0336_2010,data\raw\2010\2010\0336_2010.jpg,data\raw\2010\2010\0336_2010.txt,2010,1024,1024,1024x1024,0,False,False,empty
0337_2010,data\raw\2010\2010\0337_2010.jpg,data\raw\2010\2010\0337_2010.txt,2010,1024,1024,1024x1024,0,False,False,empty
0338_2010,data\raw\2010\2010\0338_2010.jpg,data\raw\2010\2010\0338_2010.txt,2010,416,416,416x416,1,True,False,milco_only
0339_2010,data\raw\2010\2010\0339_2010.jpg,data\raw\2010\2010\0339_2010.txt,2010,1024,1024,1024x1024,1,True,False,milco_only
0340_2010,data\raw\2010\2010\0340_2010.jpg,data\raw\2010\2010\0340_2010.txt,2010,416,416,416x416,0,False,False,empty
0341_2010,data\raw\2010\2010\0341_2010.jpg,data\raw\2010\2010\0341_2010.txt,2010,1024,1024,1024x1024,0,False,False,empty
0342_2010,data\raw\2010\2010\0342_2010.jpg,data\raw\2010\2010\0342_2010.txt,2010,416,416,416x416,1,True,False,milco_only
0343_2010,data\raw\2010\2010\0343_2010.jpg,data\raw\2010\2010\0343_2010.txt,2010,1024,1024,1024x1024,1,True,False,milco_only
0344_2010,data\raw\2010\2010\0344_2010.jpg,data\raw\2010\2010\0344_2010.txt,2010,1024,1024,1024x1024,0,False,False,empty
0345_2010,data\raw\2010\2010\0345_2010.jpg,data\raw\2010\2010\0345_2010.txt,2010,1024,1024,1024x1024,0,False,False,empty
0001_2015,data\raw\2015\2015\0001_2015.jpg,data\raw\2015\2015\0001_2015.txt,2015,1024,1024,1024x1024,6,True,True,mixed
0002_2015,data\raw\2015\2015\0002_2015.jpg,data\raw\2015\2015\0002_2015.txt,2015,416,416,416x416,5,True,True,mixed
0003_2015,data\raw\2015\2015\0003_2015.jpg,data\raw\2015\2015\0003_2015.txt,2015,1024,1024,1024x1024,5,True,True,mixed
0004_2015,data\raw\2015\2015\0004_2015.jpg,data\raw\2015\2015\0004_2015.txt,2015,1024,1024,1024x1024,5,True,True,mixed
0005_2015,data\raw\2015\2015\0005_2015.jpg,data\raw\2015\2015\0005_2015.txt,2015,416,416,416x416,5,True,True,mixed
0006_2015,data\raw\2015\2015\0006_2015.jpg,data\raw\2015\2015\0006_2015.txt,2015,1024,1024,1024x1024,3,True,True,mixed
0007_2015,data\raw\2015\2015\0007_2015.jpg,data\raw\2015\2015\0007_2015.txt,2015,1024,1024,1024x1024,7,True,False,milco_only
0008_2015,data\raw\2015\2015\0008_2015.jpg,data\raw\2015\2015\0008_2015.txt,2015,416,416,416x416,7,True,False,milco_only
0009_2015,data\raw\2015\2015\0009_2015.jpg,data\raw\2015\2015\0009_2015.txt,2015,1024,1024,1024x1024,6,True,True,mixed
0010_2015,data\raw\2015\2015\0010_2015.jpg,data\raw\2015\2015\0010_2015.txt,2015,416,416,416x416,6,True,True,mixed
0011_2015,data\raw\2015\2015\0011_2015.jpg,data\raw\2015\2015\0011_2015.txt,2015,1024,1024,1024x1024,2,True,False,milco_only
0012_2015,data\raw\2015\2015\0012_2015.jpg,data\raw\2015\2015\0012_2015.txt,2015,416,416,416x416,2,True,False,milco_only
0013_2015,data\raw\2015\2015\0013_2015.jpg,data\raw\2015\2015\0013_2015.txt,2015,1024,1024,1024x1024,5,True,True,mixed
0014_2015,data\raw\2015\2015\0014_2015.jpg,data\raw\2015\2015\0014_2015.txt,2015,416,416,416x416,5,True,True,mixed
0015_2015,data\raw\2015\2015\0015_2015.jpg,data\raw\2015\2015\0015_2015.txt,2015,1024,1024,1024x1024,3,True,True,mixed
0016_2015,data\raw\2015\2015\0016_2015.jpg,data\raw\2015\2015\0016_2015.txt,2015,416,416,416x416,3,True,True,mixed
0017_2015,data\raw\2015\2015\0017_2015.jpg,data\raw\2015\2015\0017_2015.txt,2015,1024,1024,1024x1024,3,True,True,mixed
0018_2015,data\raw\2015\2015\0018_2015.jpg,data\raw\2015\2015\0018_2015.txt,2015,416,416,416x416,3,True,True,mixed
0019_2015,data\raw\2015\2015\0019_2015.jpg,data\raw\2015\2015\0019_2015.txt,2015,1024,1024,1024x1024,2,True,True,mixed
0020_2015,data\raw\2015\2015\0020_2015.jpg,data\raw\2015\2015\0020_2015.txt,2015,416,416,416x416,2,True,True,mixed
0021_2015,data\raw\2015\2015\0021_2015.jpg,data\raw\2015\2015\0021_2015.txt,2015,1024,1024,1024x1024,4,True,False,milco_only
0022_2015,data\raw\2015\2015\0022_2015.jpg,data\raw\2015\2015\0022_2015.txt,2015,1024,1024,1024x1024,2,True,False,milco_only
0023_2015,data\raw\2015\2015\0023_2015.jpg,data\raw\2015\2015\0023_2015.txt,2015,1024,1024,1024x1024,1,True,False,milco_only
0024_2015,data\raw\2015\2015\0024_2015.jpg,data\raw\2015\2015\0024_2015.txt,2015,416,416,416x416,1,True,False,milco_only
0025_2015,data\raw\2015\2015\0025_2015.jpg,data\raw\2015\2015\0025_2015.txt,2015,416,416,416x416,3,True,True,mixed
0026_2015,data\raw\2015\2015\0026_2015.jpg,data\raw\2015\2015\0026_2015.txt,2015,1024,1024,1024x1024,3,True,True,mixed
0027_2015,data\raw\2015\2015\0027_2015.jpg,data\raw\2015\2015\0027_2015.txt,2015,416,416,416x416,3,True,True,mixed
0028_2015,data\raw\2015\2015\0028_2015.jpg,data\raw\2015\2015\0028_2015.txt,2015,1024,1024,1024x1024,3,True,True,mixed
0029_2015,data\raw\2015\2015\0029_2015.jpg,data\raw\2015\2015\0029_2015.txt,2015,416,416,416x416,3,True,False,milco_only
0030_2015,data\raw\2015\2015\0030_2015.jpg,data\raw\2015\2015\0030_2015.txt,2015,1024,1024,1024x1024,3,True,False,milco_only
0031_2015,data\raw\2015\2015\0031_2015.jpg,data\raw\2015\2015\0031_2015.txt,2015,1024,1024,1024x1024,1,True,False,milco_only
0032_2015,data\raw\2015\2015\0032_2015.jpg,data\raw\2015\2015\0032_2015.txt,2015,1024,1024,1024x1024,3,True,True,mixed
0033_2015,data\raw\2015\2015\0033_2015.jpg,data\raw\2015\2015\0033_2015.txt,2015,416,416,416x416,3,True,True,mixed
0034_2015,data\raw\2015\2015\0034_2015.jpg,data\raw\2015\2015\0034_2015.txt,2015,1024,1024,1024x1024,2,True,False,milco_only
0035_2015,data\raw\2015\2015\0035_2015.jpg,data\raw\2015\2015\0035_2015.txt,2015,416,416,416x416,2,True,False,milco_only
0036_2015,data\raw\2015\2015\0036_2015.jpg,data\raw\2015\2015\0036_2015.txt,2015,416,416,416x416,1,True,False,milco_only
0037_2015,data\raw\2015\2015\0037_2015.jpg,data\raw\2015\2015\0037_2015.txt,2015,1024,1024,1024x1024,1,True,False,milco_only
0038_2015,data\raw\2015\2015\0038_2015.jpg,data\raw\2015\2015\0038_2015.txt,2015,1024,1024,1024x1024,5,True,True,mixed
0039_2015,data\raw\2015\2015\0039_2015.jpg,data\raw\2015\2015\0039_2015.txt,2015,416,416,416x416,5,True,True,mixed
0040_2015,data\raw\2015\2015\0040_2015.jpg,data\raw\2015\2015\0040_2015.txt,2015,1024,1024,1024x1024,5,True,True,mixed
0041_2015,data\raw\2015\2015\0041_2015.jpg,data\raw\2015\2015\0041_2015.txt,2015,1024,1024,1024x1024,1,True,False,milco_only
0042_2015,data\raw\2015\2015\0042_2015.jpg,data\raw\2015\2015\0042_2015.txt,2015,416,416,416x416,1,True,False,milco_only
0043_2015,data\raw\2015\2015\0043_2015.jpg,data\raw\2015\2015\0043_2015.txt,2015,416,416,416x416,2,True,False,milco_only
0044_2015,data\raw\2015\2015\0044_2015.jpg,data\raw\2015\2015\0044_2015.txt,2015,1024,1024,1024x1024,2,True,False,milco_only
0045_2015,data\raw\2015\2015\0045_2015.jpg,data\raw\2015\2015\0045_2015.txt,2015,416,416,416x416,1,True,False,milco_only
0046_2015,data\raw\2015\2015\0046_2015.jpg,data\raw\2015\2015\0046_2015.txt,2015,1024,1024,1024x1024,1,True,False,milco_only
0047_2015,data\raw\2015\2015\0047_2015.jpg,data\raw\2015\2015\0047_2015.txt,2015,1024,1024,1024x1024,1,True,False,milco_only
0048_2015,data\raw\2015\2015\0048_2015.jpg,data\raw\2015\2015\0048_2015.txt,2015,416,416,416x416,7,True,True,mixed
0049_2015,data\raw\2015\2015\0049_2015.jpg,data\raw\2015\2015\0049_2015.txt,2015,1024,1024,1024x1024,7,True,True,mixed
0050_2015,data\raw\2015\2015\0050_2015.jpg,data\raw\2015\2015\0050_2015.txt,2015,1024,1024,1024x1024,7,True,True,mixed
0051_2015,data\raw\2015\2015\0051_2015.jpg,data\raw\2015\2015\0051_2015.txt,2015,1024,1024,1024x1024,8,True,True,mixed
0052_2015,data\raw\2015\2015\0052_2015.jpg,data\raw\2015\2015\0052_2015.txt,2015,1024,1024,1024x1024,1,True,False,milco_only
0053_2015,data\raw\2015\2015\0053_2015.jpg,data\raw\2015\2015\0053_2015.txt,2015,1024,1024,1024x1024,2,True,False,milco_only
0054_2015,data\raw\2015\2015\0054_2015.jpg,data\raw\2015\2015\0054_2015.txt,2015,1024,1024,1024x1024,1,False,True,nombo_only
0055_2015,data\raw\2015\2015\0055_2015.jpg,data\raw\2015\2015\0055_2015.txt,2015,1024,1024,1024x1024,13,True,True,mixed
0056_2015,data\raw\2015\2015\0056_2015.jpg,data\raw\2015\2015\0056_2015.txt,2015,1024,1024,1024x1024,9,True,True,mixed
0057_2015,data\raw\2015\2015\0057_2015.jpg,data\raw\2015\2015\0057_2015.txt,2015,416,416,416x416,9,True,True,mixed
0058_2015,data\raw\2015\2015\0058_2015.jpg,data\raw\2015\2015\0058_2015.txt,2015,416,416,416x416,8,True,True,mixed
0059_2015,data\raw\2015\2015\0059_2015.jpg,data\raw\2015\2015\0059_2015.txt,2015,1024,1024,1024x1024,8,True,True,mixed
0060_2015,data\raw\2015\2015\0060_2015.jpg,data\raw\2015\2015\0060_2015.txt,2015,1024,1024,1024x1024,7,True,True,mixed
0061_2015,data\raw\2015\2015\0061_2015.jpg,data\raw\2015\2015\0061_2015.txt,2015,416,416,416x416,7,True,True,mixed
0062_2015,data\raw\2015\2015\0062_2015.jpg,data\raw\2015\2015\0062_2015.txt,2015,416,416,416x416,6,True,True,mixed
0063_2015,data\raw\2015\2015\0063_2015.jpg,data\raw\2015\2015\0063_2015.txt,2015,1024,1024,1024x1024,6,True,True,mixed
0064_2015,data\raw\2015\2015\0064_2015.jpg,data\raw\2015\2015\0064_2015.txt,2015,416,416,416x416,5,True,True,mixed
0065_2015,data\raw\2015\2015\0065_2015.jpg,data\raw\2015\2015\0065_2015.txt,2015,1024,1024,1024x1024,5,True,True,mixed
0066_2015,data\raw\2015\2015\0066_2015.jpg,data\raw\2015\2015\0066_2015.txt,2015,1024,1024,1024x1024,6,True,True,mixed
0067_2015,data\raw\2015\2015\0067_2015.jpg,data\raw\2015\2015\0067_2015.txt,2015,1024,1024,1024x1024,3,True,True,mixed
0068_2015,data\raw\2015\2015\0068_2015.jpg,data\raw\2015\2015\0068_2015.txt,2015,1024,1024,1024x1024,3,False,True,nombo_only
0069_2015,data\raw\2015\2015\0069_2015.jpg,data\raw\2015\2015\0069_2015.txt,2015,416,416,416x416,3,False,True,nombo_only
0070_2015,data\raw\2015\2015\0070_2015.jpg,data\raw\2015\2015\0070_2015.txt,2015,1024,1024,1024x1024,3,True,True,mixed
0071_2015,data\raw\2015\2015\0071_2015.jpg,data\raw\2015\2015\0071_2015.txt,2015,416,416,416x416,3,True,True,mixed
0072_2015,data\raw\2015\2015\0072_2015.jpg,data\raw\2015\2015\0072_2015.txt,2015,416,416,416x416,4,False,True,nombo_only
0073_2015,data\raw\2015\2015\0073_2015.jpg,data\raw\2015\2015\0073_2015.txt,2015,1024,1024,1024x1024,4,False,True,nombo_only
0074_2015,data\raw\2015\2015\0074_2015.jpg,data\raw\2015\2015\0074_2015.txt,2015,1024,1024,1024x1024,4,True,True,mixed
0075_2015,data\raw\2015\2015\0075_2015.jpg,data\raw\2015\2015\0075_2015.txt,2015,416,416,416x416,4,True,True,mixed
0076_2015,data\raw\2015\2015\0076_2015.jpg,data\raw\2015\2015\0076_2015.txt,2015,416,416,416x416,5,True,True,mixed
0077_2015,data\raw\2015\2015\0077_2015.jpg,data\raw\2015\2015\0077_2015.txt,2015,1024,1024,1024x1024,5,True,True,mixed
0078_2015,data\raw\2015\2015\0078_2015.jpg,data\raw\2015\2015\0078_2015.txt,2015,1024,1024,1024x1024,4,True,False,milco_only
0079_2015,data\raw\2015\2015\0079_2015.jpg,data\raw\2015\2015\0079_2015.txt,2015,416,416,416x416,4,True,False,milco_only
0080_2015,data\raw\2015\2015\0080_2015.jpg,data\raw\2015\2015\0080_2015.txt,2015,416,416,416x416,2,True,False,milco_only
0081_2015,data\raw\2015\2015\0081_2015.jpg,data\raw\2015\2015\0081_2015.txt,2015,1024,1024,1024x1024,2,True,False,milco_only
0082_2015,data\raw\2015\2015\0082_2015.jpg,data\raw\2015\2015\0082_2015.txt,2015,416,416,416x416,3,True,False,milco_only
0083_2015,data\raw\2015\2015\0083_2015.jpg,data\raw\2015\2015\0083_2015.txt,2015,1024,1024,1024x1024,3,True,False,milco_only
0084_2015,data\raw\2015\2015\0084_2015.jpg,data\raw\2015\2015\0084_2015.txt,2015,1024,1024,1024x1024,2,True,False,milco_only
0085_2015,data\raw\2015\2015\0085_2015.jpg,data\raw\2015\2015\0085_2015.txt,2015,416,416,416x416,2,True,False,milco_only
0086_2015,data\raw\2015\2015\0086_2015.jpg,data\raw\2015\2015\0086_2015.txt,2015,1024,1024,1024x1024,3,True,False,milco_only
0087_2015,data\raw\2015\2015\0087_2015.jpg,data\raw\2015\2015\0087_2015.txt,2015,416,416,416x416,3,True,False,milco_only
0088_2015,data\raw\2015\2015\0088_2015.jpg,data\raw\2015\2015\0088_2015.txt,2015,416,416,416x416,3,True,True,mixed
0089_2015,data\raw\2015\2015\0089_2015.jpg,data\raw\2015\2015\0089_2015.txt,2015,1024,1024,1024x1024,3,True,True,mixed
0090_2015,data\raw\2015\2015\0090_2015.jpg,data\raw\2015\2015\0090_2015.txt,2015,1024,1024,1024x1024,7,True,True,mixed
0091_2015,data\raw\2015\2015\0091_2015.jpg,data\raw\2015\2015\0091_2015.txt,2015,1024,1024,1024x1024,3,True,True,mixed
0092_2015,data\raw\2015\2015\0092_2015.jpg,data\raw\2015\2015\0092_2015.txt,2015,416,416,416x416,1,True,False,milco_only
0093_2015,data\raw\2015\2015\0093_2015.jpg,data\raw\2015\2015\0093_2015.txt,2015,1024,1024,1024x1024,1,True,False,milco_only
0094_2015,data\raw\2015\2015\0094_2015.jpg,data\raw\2015\2015\0094_2015.txt,2015,416,416,416x416,1,True,False,milco_only
0095_2015,data\raw\2015\2015\0095_2015.jpg,data\raw\2015\2015\0095_2015.txt,2015,1024,1024,1024x1024,1,True,False,milco_only
0096_2015,data\raw\2015\2015\0096_2015.jpg,data\raw\2015\2015\0096_2015.txt,2015,416,416,416x416,1,True,False,milco_only
0097_2015,data\raw\2015\2015\0097_2015.jpg,data\raw\2015\2015\0097_2015.txt,2015,1024,1024,1024x1024,1,True,False,milco_only
0098_2015,data\raw\2015\2015\0098_2015.jpg,data\raw\2015\2015\0098_2015.txt,2015,1024,1024,1024x1024,1,True,False,milco_only
0099_2015,data\raw\2015\2015\0099_2015.jpg,data\raw\2015\2015\0099_2015.txt,2015,1024,1024,1024x1024,1,True,False,milco_only
0100_2015,data\raw\2015\2015\0100_2015.jpg,data\raw\2015\2015\0100_2015.txt,2015,416,416,416x416,1,False,True,nombo_only
0101_2015,data\raw\2015\2015\0101_2015.jpg,data\raw\2015\2015\0101_2015.txt,2015,1024,1024,1024x1024,1,False,True,nombo_only
0102_2015,data\raw\2015\2015\0102_2015.jpg,data\raw\2015\2015\0102_2015.txt,2015,1024,1024,1024x1024,1,True,False,milco_only
0103_2015,data\raw\2015\2015\0103_2015.jpg,data\raw\2015\2015\0103_2015.txt,2015,416,416,416x416,1,True,False,milco_only
0104_2015,data\raw\2015\2015\0104_2015.jpg,data\raw\2015\2015\0104_2015.txt,2015,416,416,416x416,3,True,True,mixed
0105_2015,data\raw\2015\2015\0105_2015.jpg,data\raw\2015\2015\0105_2015.txt,2015,1024,1024,1024x1024,3,True,True,mixed
0106_2015,data\raw\2015\2015\0106_2015.jpg,data\raw\2015\2015\0106_2015.txt,2015,416,416,416x416,3,True,True,mixed
0107_2015,data\raw\2015\2015\0107_2015.jpg,data\raw\2015\2015\0107_2015.txt,2015,1024,1024,1024x1024,3,True,True,mixed
0108_2015,data\raw\2015\2015\0108_2015.jpg,data\raw\2015\2015\0108_2015.txt,2015,416,416,416x416,0,False,False,empty
0109_2015,data\raw\2015\2015\0109_2015.jpg,data\raw\2015\2015\0109_2015.txt,2015,1024,1024,1024x1024,0,False,False,empty
0110_2015,data\raw\2015\2015\0110_2015.jpg,data\raw\2015\2015\0110_2015.txt,2015,1024,1024,1024x1024,6,True,True,mixed
0111_2015,data\raw\2015\2015\0111_2015.jpg,data\raw\2015\2015\0111_2015.txt,2015,416,416,416x416,6,True,True,mixed
0112_2015,data\raw\2015\2015\0112_2015.jpg,data\raw\2015\2015\0112_2015.txt,2015,1024,1024,1024x1024,4,True,False,milco_only
0113_2015,data\raw\2015\2015\0113_2015.jpg,data\raw\2015\2015\0113_2015.txt,2015,1024,1024,1024x1024,8,True,True,mixed
0114_2015,data\raw\2015\2015\0114_2015.jpg,data\raw\2015\2015\0114_2015.txt,2015,416,416,416x416,2,True,True,mixed
0115_2015,data\raw\2015\2015\0115_2015.jpg,data\raw\2015\2015\0115_2015.txt,2015,1024,1024,1024x1024,2,True,True,mixed
0116_2015,data\raw\2015\2015\0116_2015.jpg,data\raw\2015\2015\0116_2015.txt,2015,416,416,416x416,1,True,False,milco_only
0117_2015,data\raw\2015\2015\0117_2015.jpg,data\raw\2015\2015\0117_2015.txt,2015,1024,1024,1024x1024,1,True,False,milco_only
0118_2015,data\raw\2015\2015\0118_2015.jpg,data\raw\2015\2015\0118_2015.txt,2015,1024,1024,1024x1024,2,True,False,milco_only
0119_2015,data\raw\2015\2015\0119_2015.jpg,data\raw\2015\2015\0119_2015.txt,2015,1024,1024,1024x1024,1,True,False,milco_only
0120_2015,data\raw\2015\2015\0120_2015.jpg,data\raw\2015\2015\0120_2015.txt,2015,416,416,416x416,1,True,False,milco_only
0001_2017,data\raw\2017\2017\0001_2017.jpg,data\raw\2017\2017\0001_2017.txt,2017,1024,1024,1024x1024,1,True,False,milco_only
0002_2017,data\raw\2017\2017\0002_2017.jpg,data\raw\2017\2017\0002_2017.txt,2017,416,416,416x416,2,True,False,milco_only
0003_2017,data\raw\2017\2017\0003_2017.jpg,data\raw\2017\2017\0003_2017.txt,2017,1024,1024,1024x1024,2,True,False,milco_only
0004_2017,data\raw\2017\2017\0004_2017.jpg,data\raw\2017\2017\0004_2017.txt,2017,1024,1024,1024x1024,1,True,False,milco_only
0005_2017,data\raw\2017\2017\0005_2017.jpg,data\raw\2017\2017\0005_2017.txt,2017,416,416,416x416,1,True,False,milco_only
0006_2017,data\raw\2017\2017\0006_2017.jpg,data\raw\2017\2017\0006_2017.txt,2017,1024,1024,1024x1024,1,True,False,milco_only
0007_2017,data\raw\2017\2017\0007_2017.jpg,data\raw\2017\2017\0007_2017.txt,2017,416,416,416x416,1,True,False,milco_only
0008_2017,data\raw\2017\2017\0008_2017.jpg,data\raw\2017\2017\0008_2017.txt,2017,1024,1024,1024x1024,1,True,False,milco_only
0009_2017,data\raw\2017\2017\0009_2017.jpg,data\raw\2017\2017\0009_2017.txt,2017,1024,1024,1024x1024,3,True,False,milco_only
0010_2017,data\raw\2017\2017\0010_2017.jpg,data\raw\2017\2017\0010_2017.txt,2017,416,416,416x416,3,True,False,milco_only
0011_2017,data\raw\2017\2017\0011_2017.jpg,data\raw\2017\2017\0011_2017.txt,2017,1024,1024,1024x1024,0,False,False,empty
0012_2017,data\raw\2017\2017\0012_2017.jpg,data\raw\2017\2017\0012_2017.txt,2017,416,416,416x416,0,False,False,empty
0013_2017,data\raw\2017\2017\0013_2017.jpg,data\raw\2017\2017\0013_2017.txt,2017,1024,1024,1024x1024,2,True,False,milco_only
0014_2017,data\raw\2017\2017\0014_2017.jpg,data\raw\2017\2017\0014_2017.txt,2017,416,416,416x416,2,True,False,milco_only
0015_2017,data\raw\2017\2017\0015_2017.jpg,data\raw\2017\2017\0015_2017.txt,2017,1024,1024,1024x1024,0,False,False,empty
0016_2017,data\raw\2017\2017\0016_2017.jpg,data\raw\2017\2017\0016_2017.txt,2017,1024,1024,1024x1024,0,False,False,empty
0017_2017,data\raw\2017\2017\0017_2017.jpg,data\raw\2017\2017\0017_2017.txt,2017,1024,1024,1024x1024,0,False,False,empty
0018_2017,data\raw\2017\2017\0018_2017.jpg,data\raw\2017\2017\0018_2017.txt,2017,416,416,416x416,0,False,False,empty
0019_2017,data\raw\2017\2017\0019_2017.jpg,data\raw\2017\2017\0019_2017.txt,2017,1024,1024,1024x1024,0,False,False,empty
0020_2017,data\raw\2017\2017\0020_2017.jpg,data\raw\2017\2017\0020_2017.txt,2017,416,416,416x416,0,False,False,empty
0021_2017,data\raw\2017\2017\0021_2017.jpg,data\raw\2017\2017\0021_2017.txt,2017,1024,1024,1024x1024,0,False,False,empty
0022_2017,data\raw\2017\2017\0022_2017.jpg,data\raw\2017\2017\0022_2017.txt,2017,1024,1024,1024x1024,0,False,False,empty
0023_2017,data\raw\2017\2017\0023_2017.jpg,data\raw\2017\2017\0023_2017.txt,2017,416,416,416x416,0,False,False,empty
0024_2017,data\raw\2017\2017\0024_2017.jpg,data\raw\2017\2017\0024_2017.txt,2017,416,416,416x416,0,False,False,empty
0025_2017,data\raw\2017\2017\0025_2017.jpg,data\raw\2017\2017\0025_2017.txt,2017,1024,1024,1024x1024,0,False,False,empty
0026_2017,data\raw\2017\2017\0026_2017.jpg,data\raw\2017\2017\0026_2017.txt,2017,1024,1024,1024x1024,0,False,False,empty
0027_2017,data\raw\2017\2017\0027_2017.jpg,data\raw\2017\2017\0027_2017.txt,2017,1024,1024,1024x1024,0,False,False,empty
0028_2017,data\raw\2017\2017\0028_2017.jpg,data\raw\2017\2017\0028_2017.txt,2017,1024,1024,1024x1024,0,False,False,empty
0029_2017,data\raw\2017\2017\0029_2017.jpg,data\raw\2017\2017\0029_2017.txt,2017,1024,1024,1024x1024,0,False,False,empty
0030_2017,data\raw\2017\2017\0030_2017.jpg,data\raw\2017\2017\0030_2017.txt,2017,416,416,416x416,0,False,False,empty
0031_2017,data\raw\2017\2017\0031_2017.jpg,data\raw\2017\2017\0031_2017.txt,2017,1024,1024,1024x1024,0,False,False,empty
0032_2017,data\raw\2017\2017\0032_2017.jpg,data\raw\2017\2017\0032_2017.txt,2017,416,416,416x416,0,False,False,empty
0033_2017,data\raw\2017\2017\0033_2017.jpg,data\raw\2017\2017\0033_2017.txt,2017,1024,1024,1024x1024,0,False,False,empty
0034_2017,data\raw\2017\2017\0034_2017.jpg,data\raw\2017\2017\0034_2017.txt,2017,416,416,416x416,0,False,False,empty
0035_2017,data\raw\2017\2017\0035_2017.jpg,data\raw\2017\2017\0035_2017.txt,2017,416,416,416x416,0,False,False,empty
0036_2017,data\raw\2017\2017\0036_2017.jpg,data\raw\2017\2017\0036_2017.txt,2017,1024,1024,1024x1024,0,False,False,empty
0037_2017,data\raw\2017\2017\0037_2017.jpg,data\raw\2017\2017\0037_2017.txt,2017,1024,1024,1024x1024,0,False,False,empty
0038_2017,data\raw\2017\2017\0038_2017.jpg,data\raw\2017\2017\0038_2017.txt,2017,416,416,416x416,2,True,False,milco_only
0039_2017,data\raw\2017\2017\0039_2017.jpg,data\raw\2017\2017\0039_2017.txt,2017,1024,1024,1024x1024,2,True,False,milco_only
0040_2017,data\raw\2017\2017\0040_2017.jpg,data\raw\2017\2017\0040_2017.txt,2017,1024,1024,1024x1024,2,True,False,milco_only
0041_2017,data\raw\2017\2017\0041_2017.jpg,data\raw\2017\2017\0041_2017.txt,2017,416,416,416x416,1,True,False,milco_only
0042_2017,data\raw\2017\2017\0042_2017.jpg,data\raw\2017\2017\0042_2017.txt,2017,1024,1024,1024x1024,1,True,False,milco_only
0043_2017,data\raw\2017\2017\0043_2017.jpg,data\raw\2017\2017\0043_2017.txt,2017,1024,1024,1024x1024,0,False,False,empty
0044_2017,data\raw\2017\2017\0044_2017.jpg,data\raw\2017\2017\0044_2017.txt,2017,416,416,416x416,0,False,False,empty
0045_2017,data\raw\2017\2017\0045_2017.jpg,data\raw\2017\2017\0045_2017.txt,2017,1024,1024,1024x1024,0,False,False,empty
0046_2017,data\raw\2017\2017\0046_2017.jpg,data\raw\2017\2017\0046_2017.txt,2017,416,416,416x416,0,False,False,empty
0047_2017,data\raw\2017\2017\0047_2017.jpg,data\raw\2017\2017\0047_2017.txt,2017,1024,1024,1024x1024,0,False,False,empty
0048_2017,data\raw\2017\2017\0048_2017.jpg,data\raw\2017\2017\0048_2017.txt,2017,416,416,416x416,0,False,False,empty
0049_2017,data\raw\2017\2017\0049_2017.jpg,data\raw\2017\2017\0049_2017.txt,2017,1024,1024,1024x1024,0,False,False,empty
0050_2017,data\raw\2017\2017\0050_2017.jpg,data\raw\2017\2017\0050_2017.txt,2017,1024,1024,1024x1024,0,False,False,empty
0051_2017,data\raw\2017\2017\0051_2017.jpg,data\raw\2017\2017\0051_2017.txt,2017,1024,1024,1024x1024,0,False,False,empty
0052_2017,data\raw\2017\2017\0052_2017.jpg,data\raw\2017\2017\0052_2017.txt,2017,416,416,416x416,0,False,False,empty
0053_2017,data\raw\2017\2017\0053_2017.jpg,data\raw\2017\2017\0053_2017.txt,2017,1024,1024,1024x1024,0,False,False,empty
0054_2017,data\raw\2017\2017\0054_2017.jpg,data\raw\2017\2017\0054_2017.txt,2017,416,416,416x416,0,False,False,empty
0055_2017,data\raw\2017\2017\0055_2017.jpg,data\raw\2017\2017\0055_2017.txt,2017,416,416,416x416,0,False,False,empty
0056_2017,data\raw\2017\2017\0056_2017.jpg,data\raw\2017\2017\0056_2017.txt,2017,1024,1024,1024x1024,0,False,False,empty
0057_2017,data\raw\2017\2017\0057_2017.jpg,data\raw\2017\2017\0057_2017.txt,2017,1024,1024,1024x1024,0,False,False,empty
0058_2017,data\raw\2017\2017\0058_2017.jpg,data\raw\2017\2017\0058_2017.txt,2017,416,416,416x416,0,False,False,empty
0059_2017,data\raw\2017\2017\0059_2017.jpg,data\raw\2017\2017\0059_2017.txt,2017,1024,1024,1024x1024,0,False,False,empty
0060_2017,data\raw\2017\2017\0060_2017.jpg,data\raw\2017\2017\0060_2017.txt,2017,416,416,416x416,0,False,False,empty
0061_2017,data\raw\2017\2017\0061_2017.jpg,data\raw\2017\2017\0061_2017.txt,2017,1024,1024,1024x1024,0,False,False,empty
0062_2017,data\raw\2017\2017\0062_2017.jpg,data\raw\2017\2017\0062_2017.txt,2017,416,416,416x416,0,False,False,empty
0063_2017,data\raw\2017\2017\0063_2017.jpg,data\raw\2017\2017\0063_2017.txt,2017,1024,1024,1024x1024,0,False,False,empty
0064_2017,data\raw\2017\2017\0064_2017.jpg,data\raw\2017\2017\0064_2017.txt,2017,1024,1024,1024x1024,0,False,False,empty
0065_2017,data\raw\2017\2017\0065_2017.jpg,data\raw\2017\2017\0065_2017.txt,2017,416,416,416x416,0,False,False,empty
0066_2017,data\raw\2017\2017\0066_2017.jpg,data\raw\2017\2017\0066_2017.txt,2017,416,416,416x416,1,False,True,nombo_only
0067_2017,data\raw\2017\2017\0067_2017.jpg,data\raw\2017\2017\0067_2017.txt,2017,1024,1024,1024x1024,1,False,True,nombo_only
0068_2017,data\raw\2017\2017\0068_2017.jpg,data\raw\2017\2017\0068_2017.txt,2017,1024,1024,1024x1024,0,False,False,empty
0069_2017,data\raw\2017\2017\0069_2017.jpg,data\raw\2017\2017\0069_2017.txt,2017,1024,1024,1024x1024,0,False,False,empty
0070_2017,data\raw\2017\2017\0070_2017.jpg,data\raw\2017\2017\0070_2017.txt,2017,1024,1024,1024x1024,0,False,False,empty
0071_2017,data\raw\2017\2017\0071_2017.jpg,data\raw\2017\2017\0071_2017.txt,2017,416,416,416x416,0,False,False,empty
0072_2017,data\raw\2017\2017\0072_2017.jpg,data\raw\2017\2017\0072_2017.txt,2017,1024,1024,1024x1024,0,False,False,empty
0073_2017,data\raw\2017\2017\0073_2017.jpg,data\raw\2017\2017\0073_2017.txt,2017,1024,1024,1024x1024,0,False,False,empty
0074_2017,data\raw\2017\2017\0074_2017.jpg,data\raw\2017\2017\0074_2017.txt,2017,1024,1024,1024x1024,0,False,False,empty
0075_2017,data\raw\2017\2017\0075_2017.jpg,data\raw\2017\2017\0075_2017.txt,2017,416,416,416x416,0,False,False,empty
0076_2017,data\raw\2017\2017\0076_2017.jpg,data\raw\2017\2017\0076_2017.txt,2017,1024,1024,1024x1024,0,False,False,empty
0077_2017,data\raw\2017\2017\0077_2017.jpg,data\raw\2017\2017\0077_2017.txt,2017,416,416,416x416,0,False,False,empty
0078_2017,data\raw\2017\2017\0078_2017.jpg,data\raw\2017\2017\0078_2017.txt,2017,1024,1024,1024x1024,0,False,False,empty
0079_2017,data\raw\2017\2017\0079_2017.jpg,data\raw\2017\2017\0079_2017.txt,2017,416,416,416x416,0,False,False,empty
0080_2017,data\raw\2017\2017\0080_2017.jpg,data\raw\2017\2017\0080_2017.txt,2017,1024,1024,1024x1024,0,False,False,empty
0081_2017,data\raw\2017\2017\0081_2017.jpg,data\raw\2017\2017\0081_2017.txt,2017,416,416,416x416,0,False,False,empty
0082_2017,data\raw\2017\2017\0082_2017.jpg,data\raw\2017\2017\0082_2017.txt,2017,1024,1024,1024x1024,0,False,False,empty
0083_2017,data\raw\2017\2017\0083_2017.jpg,data\raw\2017\2017\0083_2017.txt,2017,416,416,416x416,0,False,False,empty
0084_2017,data\raw\2017\2017\0084_2017.jpg,data\raw\2017\2017\0084_2017.txt,2017,1024,1024,1024x1024,0,False,False,empty
0085_2017,data\raw\2017\2017\0085_2017.jpg,data\raw\2017\2017\0085_2017.txt,2017,416,416,416x416,0,False,False,empty
0086_2017,data\raw\2017\2017\0086_2017.jpg,data\raw\2017\2017\0086_2017.txt,2017,1024,1024,1024x1024,0,False,False,empty
0087_2017,data\raw\2017\2017\0087_2017.jpg,data\raw\2017\2017\0087_2017.txt,2017,1024,1024,1024x1024,0,False,False,empty
0088_2017,data\raw\2017\2017\0088_2017.jpg,data\raw\2017\2017\0088_2017.txt,2017,416,416,416x416,0,False,False,empty
0089_2017,data\raw\2017\2017\0089_2017.jpg,data\raw\2017\2017\0089_2017.txt,2017,1024,1024,1024x1024,0,False,False,empty
0090_2017,data\raw\2017\2017\0090_2017.jpg,data\raw\2017\2017\0090_2017.txt,2017,1024,1024,1024x1024,0,False,False,empty
0091_2017,data\raw\2017\2017\0091_2017.jpg,data\raw\2017\2017\0091_2017.txt,2017,416,416,416x416,0,False,False,empty
0092_2017,data\raw\2017\2017\0092_2017.jpg,data\raw\2017\2017\0092_2017.txt,2017,416,416,416x416,0,False,False,empty
0093_2017,data\raw\2017\2017\0093_2017.jpg,data\raw\2017\2017\0093_2017.txt,2017,1024,1024,1024x1024,0,False,False,empty
0001_2018,data\raw\2018\2018\0001_2018.jpg,data\raw\2018\2018\0001_2018.txt,2018,1024,1024,1024x1024,0,False,False,empty
0002_2018,data\raw\2018\2018\0002_2018.jpg,data\raw\2018\2018\0002_2018.txt,2018,1024,1024,1024x1024,0,False,False,empty
0003_2018,data\raw\2018\2018\0003_2018.jpg,data\raw\2018\2018\0003_2018.txt,2018,1024,1024,1024x1024,0,False,False,empty
0004_2018,data\raw\2018\2018\0004_2018.jpg,data\raw\2018\2018\0004_2018.txt,2018,416,416,416x416,0,False,False,empty
0005_2018,data\raw\2018\2018\0005_2018.jpg,data\raw\2018\2018\0005_2018.txt,2018,416,416,416x416,0,False,False,empty
0006_2018,data\raw\2018\2018\0006_2018.jpg,data\raw\2018\2018\0006_2018.txt,2018,1024,1024,1024x1024,0,False,False,empty
0007_2018,data\raw\2018\2018\0007_2018.jpg,data\raw\2018\2018\0007_2018.txt,2018,1024,1024,1024x1024,0,False,False,empty
0008_2018,data\raw\2018\2018\0008_2018.jpg,data\raw\2018\2018\0008_2018.txt,2018,416,416,416x416,0,False,False,empty
0009_2018,data\raw\2018\2018\0009_2018.jpg,data\raw\2018\2018\0009_2018.txt,2018,1024,1024,1024x1024,0,False,False,empty
0010_2018,data\raw\2018\2018\0010_2018.jpg,data\raw\2018\2018\0010_2018.txt,2018,1024,1024,1024x1024,0,False,False,empty
0011_2018,data\raw\2018\2018\0011_2018.jpg,data\raw\2018\2018\0011_2018.txt,2018,416,416,416x416,0,False,False,empty
0012_2018,data\raw\2018\2018\0012_2018.jpg,data\raw\2018\2018\0012_2018.txt,2018,416,416,416x416,0,False,False,empty
0013_2018,data\raw\2018\2018\0013_2018.jpg,data\raw\2018\2018\0013_2018.txt,2018,1024,1024,1024x1024,0,False,False,empty
0014_2018,data\raw\2018\2018\0014_2018.jpg,data\raw\2018\2018\0014_2018.txt,2018,1024,1024,1024x1024,0,False,False,empty
0015_2018,data\raw\2018\2018\0015_2018.jpg,data\raw\2018\2018\0015_2018.txt,2018,416,416,416x416,0,False,False,empty
0016_2018,data\raw\2018\2018\0016_2018.jpg,data\raw\2018\2018\0016_2018.txt,2018,1024,1024,1024x1024,0,False,False,empty
0017_2018,data\raw\2018\2018\0017_2018.jpg,data\raw\2018\2018\0017_2018.txt,2018,1024,1024,1024x1024,0,False,False,empty
0018_2018,data\raw\2018\2018\0018_2018.jpg,data\raw\2018\2018\0018_2018.txt,2018,416,416,416x416,0,False,False,empty
0019_2018,data\raw\2018\2018\0019_2018.jpg,data\raw\2018\2018\0019_2018.txt,2018,416,416,416x416,0,False,False,empty
0020_2018,data\raw\2018\2018\0020_2018.jpg,data\raw\2018\2018\0020_2018.txt,2018,1024,1024,1024x1024,0,False,False,empty
0021_2018,data\raw\2018\2018\0021_2018.jpg,data\raw\2018\2018\0021_2018.txt,2018,1024,1024,1024x1024,1,True,False,milco_only
0022_2018,data\raw\2018\2018\0022_2018.jpg,data\raw\2018\2018\0022_2018.txt,2018,416,416,416x416,1,True,False,milco_only
0023_2018,data\raw\2018\2018\0023_2018.jpg,data\raw\2018\2018\0023_2018.txt,2018,1024,1024,1024x1024,1,True,False,milco_only
0024_2018,data\raw\2018\2018\0024_2018.jpg,data\raw\2018\2018\0024_2018.txt,2018,1024,1024,1024x1024,0,False,False,empty
0025_2018,data\raw\2018\2018\0025_2018.jpg,data\raw\2018\2018\0025_2018.txt,2018,1024,1024,1024x1024,0,False,False,empty
0026_2018,data\raw\2018\2018\0026_2018.jpg,data\raw\2018\2018\0026_2018.txt,2018,416,416,416x416,0,False,False,empty
0027_2018,data\raw\2018\2018\0027_2018.jpg,data\raw\2018\2018\0027_2018.txt,2018,416,416,416x416,0,False,False,empty
0028_2018,data\raw\2018\2018\0028_2018.jpg,data\raw\2018\2018\0028_2018.txt,2018,1024,1024,1024x1024,0,False,False,empty
0029_2018,data\raw\2018\2018\0029_2018.jpg,data\raw\2018\2018\0029_2018.txt,2018,416,416,416x416,0,False,False,empty
0030_2018,data\raw\2018\2018\0030_2018.jpg,data\raw\2018\2018\0030_2018.txt,2018,1024,1024,1024x1024,0,False,False,empty
0031_2018,data\raw\2018\2018\0031_2018.jpg,data\raw\2018\2018\0031_2018.txt,2018,1024,1024,1024x1024,0,False,False,empty
0032_2018,data\raw\2018\2018\0032_2018.jpg,data\raw\2018\2018\0032_2018.txt,2018,1024,1024,1024x1024,0,False,False,empty
0033_2018,data\raw\2018\2018\0033_2018.jpg,data\raw\2018\2018\0033_2018.txt,2018,416,416,416x416,0,False,False,empty
0034_2018,data\raw\2018\2018\0034_2018.jpg,data\raw\2018\2018\0034_2018.txt,2018,416,416,416x416,0,False,False,empty
0035_2018,data\raw\2018\2018\0035_2018.jpg,data\raw\2018\2018\0035_2018.txt,2018,1024,1024,1024x1024,0,False,False,empty
0036_2018,data\raw\2018\2018\0036_2018.jpg,data\raw\2018\2018\0036_2018.txt,2018,1024,1024,1024x1024,1,True,False,milco_only
0037_2018,data\raw\2018\2018\0037_2018.jpg,data\raw\2018\2018\0037_2018.txt,2018,416,416,416x416,1,True,False,milco_only
0038_2018,data\raw\2018\2018\0038_2018.jpg,data\raw\2018\2018\0038_2018.txt,2018,416,416,416x416,0,False,False,empty
0039_2018,data\raw\2018\2018\0039_2018.jpg,data\raw\2018\2018\0039_2018.txt,2018,1024,1024,1024x1024,0,False,False,empty
0040_2018,data\raw\2018\2018\0040_2018.jpg,data\raw\2018\2018\0040_2018.txt,2018,416,416,416x416,0,False,False,empty
0041_2018,data\raw\2018\2018\0041_2018.jpg,data\raw\2018\2018\0041_2018.txt,2018,1024,1024,1024x1024,0,False,False,empty
0042_2018,data\raw\2018\2018\0042_2018.jpg,data\raw\2018\2018\0042_2018.txt,2018,1024,1024,1024x1024,0,False,False,empty
0043_2018,data\raw\2018\2018\0043_2018.jpg,data\raw\2018\2018\0043_2018.txt,2018,416,416,416x416,0,False,False,empty
0044_2018,data\raw\2018\2018\0044_2018.jpg,data\raw\2018\2018\0044_2018.txt,2018,1024,1024,1024x1024,0,False,False,empty
0045_2018,data\raw\2018\2018\0045_2018.jpg,data\raw\2018\2018\0045_2018.txt,2018,416,416,416x416,0,False,False,empty
0046_2018,data\raw\2018\2018\0046_2018.jpg,data\raw\2018\2018\0046_2018.txt,2018,1024,1024,1024x1024,0,False,False,empty
0047_2018,data\raw\2018\2018\0047_2018.jpg,data\raw\2018\2018\0047_2018.txt,2018,416,416,416x416,0,False,False,empty
0048_2018,data\raw\2018\2018\0048_2018.jpg,data\raw\2018\2018\0048_2018.txt,2018,1024,1024,1024x1024,1,False,True,nombo_only
0049_2018,data\raw\2018\2018\0049_2018.jpg,data\raw\2018\2018\0049_2018.txt,2018,416,416,416x416,0,False,False,empty
0050_2018,data\raw\2018\2018\0050_2018.jpg,data\raw\2018\2018\0050_2018.txt,2018,1024,1024,1024x1024,0,False,False,empty
0051_2018,data\raw\2018\2018\0051_2018.jpg,data\raw\2018\2018\0051_2018.txt,2018,1024,1024,1024x1024,0,False,False,empty
0052_2018,data\raw\2018\2018\0052_2018.jpg,data\raw\2018\2018\0052_2018.txt,2018,1024,1024,1024x1024,0,False,False,empty
0053_2018,data\raw\2018\2018\0053_2018.jpg,data\raw\2018\2018\0053_2018.txt,2018,416,416,416x416,0,False,False,empty
0054_2018,data\raw\2018\2018\0054_2018.jpg,data\raw\2018\2018\0054_2018.txt,2018,416,416,416x416,0,False,False,empty
0055_2018,data\raw\2018\2018\0055_2018.jpg,data\raw\2018\2018\0055_2018.txt,2018,1024,1024,1024x1024,0,False,False,empty
0056_2018,data\raw\2018\2018\0056_2018.jpg,data\raw\2018\2018\0056_2018.txt,2018,416,416,416x416,0,False,False,empty
0057_2018,data\raw\2018\2018\0057_2018.jpg,data\raw\2018\2018\0057_2018.txt,2018,1024,1024,1024x1024,0,False,False,empty
0058_2018,data\raw\2018\2018\0058_2018.jpg,data\raw\2018\2018\0058_2018.txt,2018,1024,1024,1024x1024,0,False,False,empty
0059_2018,data\raw\2018\2018\0059_2018.jpg,data\raw\2018\2018\0059_2018.txt,2018,416,416,416x416,0,False,False,empty
0060_2018,data\raw\2018\2018\0060_2018.jpg,data\raw\2018\2018\0060_2018.txt,2018,1024,1024,1024x1024,0,False,False,empty
0061_2018,data\raw\2018\2018\0061_2018.jpg,data\raw\2018\2018\0061_2018.txt,2018,416,416,416x416,0,False,False,empty
0062_2018,data\raw\2018\2018\0062_2018.jpg,data\raw\2018\2018\0062_2018.txt,2018,1024,1024,1024x1024,0,False,False,empty
0063_2018,data\raw\2018\2018\0063_2018.jpg,data\raw\2018\2018\0063_2018.txt,2018,1024,1024,1024x1024,0,False,False,empty
0064_2018,data\raw\2018\2018\0064_2018.jpg,data\raw\2018\2018\0064_2018.txt,2018,1024,1024,1024x1024,0,False,False,empty
0065_2018,data\raw\2018\2018\0065_2018.jpg,data\raw\2018\2018\0065_2018.txt,2018,1024,1024,1024x1024,0,False,False,empty
0066_2018,data\raw\2018\2018\0066_2018.jpg,data\raw\2018\2018\0066_2018.txt,2018,416,416,416x416,0,False,False,empty
0067_2018,data\raw\2018\2018\0067_2018.jpg,data\raw\2018\2018\0067_2018.txt,2018,1024,1024,1024x1024,0,False,False,empty
0068_2018,data\raw\2018\2018\0068_2018.jpg,data\raw\2018\2018\0068_2018.txt,2018,1024,1024,1024x1024,1,False,True,nombo_only
0069_2018,data\raw\2018\2018\0069_2018.jpg,data\raw\2018\2018\0069_2018.txt,2018,1024,1024,1024x1024,0,False,False,empty
0070_2018,data\raw\2018\2018\0070_2018.jpg,data\raw\2018\2018\0070_2018.txt,2018,416,416,416x416,0,False,False,empty
0071_2018,data\raw\2018\2018\0071_2018.jpg,data\raw\2018\2018\0071_2018.txt,2018,1024,1024,1024x1024,0,False,False,empty
0072_2018,data\raw\2018\2018\0072_2018.jpg,data\raw\2018\2018\0072_2018.txt,2018,416,416,416x416,0,False,False,empty
0073_2018,data\raw\2018\2018\0073_2018.jpg,data\raw\2018\2018\0073_2018.txt,2018,1024,1024,1024x1024,0,False,False,empty
0074_2018,data\raw\2018\2018\0074_2018.jpg,data\raw\2018\2018\0074_2018.txt,2018,416,416,416x416,0,False,False,empty
0075_2018,data\raw\2018\2018\0075_2018.jpg,data\raw\2018\2018\0075_2018.txt,2018,1024,1024,1024x1024,0,False,False,empty
0076_2018,data\raw\2018\2018\0076_2018.jpg,data\raw\2018\2018\0076_2018.txt,2018,1024,1024,1024x1024,0,False,False,empty
0077_2018,data\raw\2018\2018\0077_2018.jpg,data\raw\2018\2018\0077_2018.txt,2018,416,416,416x416,0,False,False,empty
0078_2018,data\raw\2018\2018\0078_2018.jpg,data\raw\2018\2018\0078_2018.txt,2018,1024,1024,1024x1024,0,False,False,empty
0079_2018,data\raw\2018\2018\0079_2018.jpg,data\raw\2018\2018\0079_2018.txt,2018,1024,1024,1024x1024,2,True,True,mixed
0080_2018,data\raw\2018\2018\0080_2018.jpg,data\raw\2018\2018\0080_2018.txt,2018,416,416,416x416,2,True,True,mixed
0081_2018,data\raw\2018\2018\0081_2018.jpg,data\raw\2018\2018\0081_2018.txt,2018,1024,1024,1024x1024,0,False,False,empty
0082_2018,data\raw\2018\2018\0082_2018.jpg,data\raw\2018\2018\0082_2018.txt,2018,416,416,416x416,0,False,False,empty
0083_2018,data\raw\2018\2018\0083_2018.jpg,data\raw\2018\2018\0083_2018.txt,2018,416,416,416x416,1,False,True,nombo_only
0084_2018,data\raw\2018\2018\0084_2018.jpg,data\raw\2018\2018\0084_2018.txt,2018,1024,1024,1024x1024,1,False,True,nombo_only
0085_2018,data\raw\2018\2018\0085_2018.jpg,data\raw\2018\2018\0085_2018.txt,2018,1024,1024,1024x1024,1,False,True,nombo_only
0086_2018,data\raw\2018\2018\0086_2018.jpg,data\raw\2018\2018\0086_2018.txt,2018,1024,1024,1024x1024,0,False,False,empty
0087_2018,data\raw\2018\2018\0087_2018.jpg,data\raw\2018\2018\0087_2018.txt,2018,416,416,416x416,0,False,False,empty
0088_2018,data\raw\2018\2018\0088_2018.jpg,data\raw\2018\2018\0088_2018.txt,2018,416,416,416x416,0,False,False,empty
0089_2018,data\raw\2018\2018\0089_2018.jpg,data\raw\2018\2018\0089_2018.txt,2018,1024,1024,1024x1024,0,False,False,empty
0090_2018,data\raw\2018\2018\0090_2018.jpg,data\raw\2018\2018\0090_2018.txt,2018,1024,1024,1024x1024,0,False,False,empty
0091_2018,data\raw\2018\2018\0091_2018.jpg,data\raw\2018\2018\0091_2018.txt,2018,416,416,416x416,0,False,False,empty
0092_2018,data\raw\2018\2018\0092_2018.jpg,data\raw\2018\2018\0092_2018.txt,2018,1024,1024,1024x1024,0,False,False,empty
0093_2018,data\raw\2018\2018\0093_2018.jpg,data\raw\2018\2018\0093_2018.txt,2018,416,416,416x416,0,False,False,empty
0094_2018,data\raw\2018\2018\0094_2018.jpg,data\raw\2018\2018\0094_2018.txt,2018,1024,1024,1024x1024,0,False,False,empty
0095_2018,data\raw\2018\2018\0095_2018.jpg,data\raw\2018\2018\0095_2018.txt,2018,1024,1024,1024x1024,0,False,False,empty
0096_2018,data\raw\2018\2018\0096_2018.jpg,data\raw\2018\2018\0096_2018.txt,2018,416,416,416x416,0,False,False,empty
0097_2018,data\raw\2018\2018\0097_2018.jpg,data\raw\2018\2018\0097_2018.txt,2018,1024,1024,1024x1024,0,False,False,empty
0098_2018,data\raw\2018\2018\0098_2018.jpg,data\raw\2018\2018\0098_2018.txt,2018,416,416,416x416,0,False,False,empty
0099_2018,data\raw\2018\2018\0099_2018.jpg,data\raw\2018\2018\0099_2018.txt,2018,1024,1024,1024x1024,0,False,False,empty
0100_2018,data\raw\2018\2018\0100_2018.jpg,data\raw\2018\2018\0100_2018.txt,2018,416,416,416x416,0,False,False,empty
0101_2018,data\raw\2018\2018\0101_2018.jpg,data\raw\2018\2018\0101_2018.txt,2018,416,416,416x416,0,False,False,empty
0102_2018,data\raw\2018\2018\0102_2018.jpg,data\raw\2018\2018\0102_2018.txt,2018,1024,1024,1024x1024,0,False,False,empty
0103_2018,data\raw\2018\2018\0103_2018.jpg,data\raw\2018\2018\0103_2018.txt,2018,416,416,416x416,0,False,False,empty
0104_2018,data\raw\2018\2018\0104_2018.jpg,data\raw\2018\2018\0104_2018.txt,2018,1024,1024,1024x1024,0,False,False,empty
0105_2018,data\raw\2018\2018\0105_2018.jpg,data\raw\2018\2018\0105_2018.txt,2018,416,416,416x416,0,False,False,empty
0106_2018,data\raw\2018\2018\0106_2018.jpg,data\raw\2018\2018\0106_2018.txt,2018,1024,1024,1024x1024,0,False,False,empty
0107_2018,data\raw\2018\2018\0107_2018.jpg,data\raw\2018\2018\0107_2018.txt,2018,1024,1024,1024x1024,1,True,False,milco_only
0108_2018,data\raw\2018\2018\0108_2018.jpg,data\raw\2018\2018\0108_2018.txt,2018,1024,1024,1024x1024,0,False,False,empty
0109_2018,data\raw\2018\2018\0109_2018.jpg,data\raw\2018\2018\0109_2018.txt,2018,1024,1024,1024x1024,0,False,False,empty
0110_2018,data\raw\2018\2018\0110_2018.jpg,data\raw\2018\2018\0110_2018.txt,2018,416,416,416x416,0,False,False,empty
0111_2018,data\raw\2018\2018\0111_2018.jpg,data\raw\2018\2018\0111_2018.txt,2018,1024,1024,1024x1024,0,False,False,empty
0112_2018,data\raw\2018\2018\0112_2018.jpg,data\raw\2018\2018\0112_2018.txt,2018,416,416,416x416,0,False,False,empty
0113_2018,data\raw\2018\2018\0113_2018.jpg,data\raw\2018\2018\0113_2018.txt,2018,416,416,416x416,0,False,False,empty
0114_2018,data\raw\2018\2018\0114_2018.jpg,data\raw\2018\2018\0114_2018.txt,2018,1024,1024,1024x1024,0,False,False,empty
0115_2018,data\raw\2018\2018\0115_2018.jpg,data\raw\2018\2018\0115_2018.txt,2018,416,416,416x416,0,False,False,empty
0116_2018,data\raw\2018\2018\0116_2018.jpg,data\raw\2018\2018\0116_2018.txt,2018,1024,1024,1024x1024,0,False,False,empty
0117_2018,data\raw\2018\2018\0117_2018.jpg,data\raw\2018\2018\0117_2018.txt,2018,416,416,416x416,1,False,True,nombo_only
0118_2018,data\raw\2018\2018\0118_2018.jpg,data\raw\2018\2018\0118_2018.txt,2018,1024,1024,1024x1024,1,False,True,nombo_only
0119_2018,data\raw\2018\2018\0119_2018.jpg,data\raw\2018\2018\0119_2018.txt,2018,416,416,416x416,0,False,False,empty
0120_2018,data\raw\2018\2018\0120_2018.jpg,data\raw\2018\2018\0120_2018.txt,2018,1024,1024,1024x1024,0,False,False,empty
0121_2018,data\raw\2018\2018\0121_2018.jpg,data\raw\2018\2018\0121_2018.txt,2018,1024,1024,1024x1024,0,False,False,empty
0122_2018,data\raw\2018\2018\0122_2018.jpg,data\raw\2018\2018\0122_2018.txt,2018,1024,1024,1024x1024,0,False,False,empty
0123_2018,data\raw\2018\2018\0123_2018.jpg,data\raw\2018\2018\0123_2018.txt,2018,1024,1024,1024x1024,0,False,False,empty
0124_2018,data\raw\2018\2018\0124_2018.jpg,data\raw\2018\2018\0124_2018.txt,2018,416,416,416x416,0,False,False,empty
0125_2018,data\raw\2018\2018\0125_2018.jpg,data\raw\2018\2018\0125_2018.txt,2018,1024,1024,1024x1024,0,False,False,empty
0126_2018,data\raw\2018\2018\0126_2018.jpg,data\raw\2018\2018\0126_2018.txt,2018,1024,1024,1024x1024,0,False,False,empty
0127_2018,data\raw\2018\2018\0127_2018.jpg,data\raw\2018\2018\0127_2018.txt,2018,1024,1024,1024x1024,0,False,False,empty
0128_2018,data\raw\2018\2018\0128_2018.jpg,data\raw\2018\2018\0128_2018.txt,2018,416,416,416x416,0,False,False,empty
0129_2018,data\raw\2018\2018\0129_2018.jpg,data\raw\2018\2018\0129_2018.txt,2018,1024,1024,1024x1024,0,False,False,empty
0130_2018,data\raw\2018\2018\0130_2018.jpg,data\raw\2018\2018\0130_2018.txt,2018,416,416,416x416,0,False,False,empty
0131_2018,data\raw\2018\2018\0131_2018.jpg,data\raw\2018\2018\0131_2018.txt,2018,1024,1024,1024x1024,1,True,False,milco_only
0132_2018,data\raw\2018\2018\0132_2018.jpg,data\raw\2018\2018\0132_2018.txt,2018,416,416,416x416,1,True,False,milco_only
0133_2018,data\raw\2018\2018\0133_2018.jpg,data\raw\2018\2018\0133_2018.txt,2018,416,416,416x416,0,False,False,empty
0134_2018,data\raw\2018\2018\0134_2018.jpg,data\raw\2018\2018\0134_2018.txt,2018,1024,1024,1024x1024,0,False,False,empty
0135_2018,data\raw\2018\2018\0135_2018.jpg,data\raw\2018\2018\0135_2018.txt,2018,1024,1024,1024x1024,0,False,False,empty
0136_2018,data\raw\2018\2018\0136_2018.jpg,data\raw\2018\2018\0136_2018.txt,2018,416,416,416x416,0,False,False,empty
0137_2018,data\raw\2018\2018\0137_2018.jpg,data\raw\2018\2018\0137_2018.txt,2018,416,416,416x416,1,True,False,milco_only
0138_2018,data\raw\2018\2018\0138_2018.jpg,data\raw\2018\2018\0138_2018.txt,2018,1024,1024,1024x1024,1,True,False,milco_only
0139_2018,data\raw\2018\2018\0139_2018.jpg,data\raw\2018\2018\0139_2018.txt,2018,1024,1024,1024x1024,0,False,False,empty
0140_2018,data\raw\2018\2018\0140_2018.jpg,data\raw\2018\2018\0140_2018.txt,2018,1024,1024,1024x1024,0,False,False,empty
0141_2018,data\raw\2018\2018\0141_2018.jpg,data\raw\2018\2018\0141_2018.txt,2018,416,416,416x416,0,False,False,empty
0142_2018,data\raw\2018\2018\0142_2018.jpg,data\raw\2018\2018\0142_2018.txt,2018,416,416,416x416,0,False,False,empty
0143_2018,data\raw\2018\2018\0143_2018.jpg,data\raw\2018\2018\0143_2018.txt,2018,1024,1024,1024x1024,0,False,False,empty
0144_2018,data\raw\2018\2018\0144_2018.jpg,data\raw\2018\2018\0144_2018.txt,2018,1024,1024,1024x1024,0,False,False,empty
0145_2018,data\raw\2018\2018\0145_2018.jpg,data\raw\2018\2018\0145_2018.txt,2018,1024,1024,1024x1024,0,False,False,empty
0146_2018,data\raw\2018\2018\0146_2018.jpg,data\raw\2018\2018\0146_2018.txt,2018,416,416,416x416,0,False,False,empty
0147_2018,data\raw\2018\2018\0147_2018.jpg,data\raw\2018\2018\0147_2018.txt,2018,416,416,416x416,1,True,False,milco_only
0148_2018,data\raw\2018\2018\0148_2018.jpg,data\raw\2018\2018\0148_2018.txt,2018,1024,1024,1024x1024,1,True,False,milco_only
0149_2018,data\raw\2018\2018\0149_2018.jpg,data\raw\2018\2018\0149_2018.txt,2018,1024,1024,1024x1024,0,False,False,empty
0150_2018,data\raw\2018\2018\0150_2018.jpg,data\raw\2018\2018\0150_2018.txt,2018,416,416,416x416,0,False,False,empty
0151_2018,data\raw\2018\2018\0151_2018.jpg,data\raw\2018\2018\0151_2018.txt,2018,1024,1024,1024x1024,0,False,False,empty
0152_2018,data\raw\2018\2018\0152_2018.jpg,data\raw\2018\2018\0152_2018.txt,2018,416,416,416x416,0,False,False,empty
0153_2018,data\raw\2018\2018\0153_2018.jpg,data\raw\2018\2018\0153_2018.txt,2018,1024,1024,1024x1024,0,False,False,empty
0154_2018,data\raw\2018\2018\0154_2018.jpg,data\raw\2018\2018\0154_2018.txt,2018,1024,1024,1024x1024,0,False,False,empty
0155_2018,data\raw\2018\2018\0155_2018.jpg,data\raw\2018\2018\0155_2018.txt,2018,416,416,416x416,0,False,False,empty
0156_2018,data\raw\2018\2018\0156_2018.jpg,data\raw\2018\2018\0156_2018.txt,2018,1024,1024,1024x1024,0,False,False,empty
0157_2018,data\raw\2018\2018\0157_2018.jpg,data\raw\2018\2018\0157_2018.txt,2018,416,416,416x416,0,False,False,empty
0158_2018,data\raw\2018\2018\0158_2018.jpg,data\raw\2018\2018\0158_2018.txt,2018,1024,1024,1024x1024,0,False,False,empty
0159_2018,data\raw\2018\2018\0159_2018.jpg,data\raw\2018\2018\0159_2018.txt,2018,416,416,416x416,0,False,False,empty
0160_2018,data\raw\2018\2018\0160_2018.jpg,data\raw\2018\2018\0160_2018.txt,2018,1024,1024,1024x1024,0,False,False,empty
0161_2018,data\raw\2018\2018\0161_2018.jpg,data\raw\2018\2018\0161_2018.txt,2018,1024,1024,1024x1024,0,False,False,empty
0162_2018,data\raw\2018\2018\0162_2018.jpg,data\raw\2018\2018\0162_2018.txt,2018,416,416,416x416,0,False,False,empty
0163_2018,data\raw\2018\2018\0163_2018.jpg,data\raw\2018\2018\0163_2018.txt,2018,1024,1024,1024x1024,0,False,False,empty
0164_2018,data\raw\2018\2018\0164_2018.jpg,data\raw\2018\2018\0164_2018.txt,2018,416,416,416x416,0,False,False,empty
0165_2018,data\raw\2018\2018\0165_2018.jpg,data\raw\2018\2018\0165_2018.txt,2018,1024,1024,1024x1024,0,False,False,empty
0166_2018,data\raw\2018\2018\0166_2018.jpg,data\raw\2018\2018\0166_2018.txt,2018,1024,1024,1024x1024,1,True,False,milco_only
0167_2018,data\raw\2018\2018\0167_2018.jpg,data\raw\2018\2018\0167_2018.txt,2018,1024,1024,1024x1024,0,False,False,empty
0168_2018,data\raw\2018\2018\0168_2018.jpg,data\raw\2018\2018\0168_2018.txt,2018,1024,1024,1024x1024,0,False,False,empty
0169_2018,data\raw\2018\2018\0169_2018.jpg,data\raw\2018\2018\0169_2018.txt,2018,416,416,416x416,0,False,False,empty
0170_2018,data\raw\2018\2018\0170_2018.jpg,data\raw\2018\2018\0170_2018.txt,2018,416,416,416x416,0,False,False,empty
0171_2018,data\raw\2018\2018\0171_2018.jpg,data\raw\2018\2018\0171_2018.txt,2018,1024,1024,1024x1024,0,False,False,empty
0172_2018,data\raw\2018\2018\0172_2018.jpg,data\raw\2018\2018\0172_2018.txt,2018,416,416,416x416,0,False,False,empty
0173_2018,data\raw\2018\2018\0173_2018.jpg,data\raw\2018\2018\0173_2018.txt,2018,1024,1024,1024x1024,0,False,False,empty
0174_2018,data\raw\2018\2018\0174_2018.jpg,data\raw\2018\2018\0174_2018.txt,2018,1024,1024,1024x1024,0,False,False,empty
0175_2018,data\raw\2018\2018\0175_2018.jpg,data\raw\2018\2018\0175_2018.txt,2018,416,416,416x416,0,False,False,empty
0176_2018,data\raw\2018\2018\0176_2018.jpg,data\raw\2018\2018\0176_2018.txt,2018,1024,1024,1024x1024,0,False,False,empty
0177_2018,data\raw\2018\2018\0177_2018.jpg,data\raw\2018\2018\0177_2018.txt,2018,1024,1024,1024x1024,0,False,False,empty
0178_2018,data\raw\2018\2018\0178_2018.jpg,data\raw\2018\2018\0178_2018.txt,2018,1024,1024,1024x1024,0,False,False,empty
0179_2018,data\raw\2018\2018\0179_2018.jpg,data\raw\2018\2018\0179_2018.txt,2018,416,416,416x416,0,False,False,empty
0180_2018,data\raw\2018\2018\0180_2018.jpg,data\raw\2018\2018\0180_2018.txt,2018,1024,1024,1024x1024,0,False,False,empty
0181_2018,data\raw\2018\2018\0181_2018.jpg,data\raw\2018\2018\0181_2018.txt,2018,416,416,416x416,0,False,False,empty
0182_2018,data\raw\2018\2018\0182_2018.jpg,data\raw\2018\2018\0182_2018.txt,2018,1024,1024,1024x1024,0,False,False,empty
0183_2018,data\raw\2018\2018\0183_2018.jpg,data\raw\2018\2018\0183_2018.txt,2018,416,416,416x416,0,False,False,empty
0184_2018,data\raw\2018\2018\0184_2018.jpg,data\raw\2018\2018\0184_2018.txt,2018,1024,1024,1024x1024,0,False,False,empty
0185_2018,data\raw\2018\2018\0185_2018.jpg,data\raw\2018\2018\0185_2018.txt,2018,1024,1024,1024x1024,0,False,False,empty
0186_2018,data\raw\2018\2018\0186_2018.jpg,data\raw\2018\2018\0186_2018.txt,2018,416,416,416x416,0,False,False,empty
0187_2018,data\raw\2018\2018\0187_2018.jpg,data\raw\2018\2018\0187_2018.txt,2018,1024,1024,1024x1024,0,False,False,empty
0188_2018,data\raw\2018\2018\0188_2018.jpg,data\raw\2018\2018\0188_2018.txt,2018,416,416,416x416,0,False,False,empty
0189_2018,data\raw\2018\2018\0189_2018.jpg,data\raw\2018\2018\0189_2018.txt,2018,1024,1024,1024x1024,0,False,False,empty
0190_2018,data\raw\2018\2018\0190_2018.jpg,data\raw\2018\2018\0190_2018.txt,2018,416,416,416x416,0,False,False,empty
0191_2018,data\raw\2018\2018\0191_2018.jpg,data\raw\2018\2018\0191_2018.txt,2018,1024,1024,1024x1024,0,False,False,empty
0192_2018,data\raw\2018\2018\0192_2018.jpg,data\raw\2018\2018\0192_2018.txt,2018,416,416,416x416,0,False,False,empty
0193_2018,data\raw\2018\2018\0193_2018.jpg,data\raw\2018\2018\0193_2018.txt,2018,416,416,416x416,0,False,False,empty
0194_2018,data\raw\2018\2018\0194_2018.jpg,data\raw\2018\2018\0194_2018.txt,2018,1024,1024,1024x1024,0,False,False,empty
0195_2018,data\raw\2018\2018\0195_2018.jpg,data\raw\2018\2018\0195_2018.txt,2018,416,416,416x416,0,False,False,empty
0196_2018,data\raw\2018\2018\0196_2018.jpg,data\raw\2018\2018\0196_2018.txt,2018,1024,1024,1024x1024,0,False,False,empty
0197_2018,data\raw\2018\2018\0197_2018.jpg,data\raw\2018\2018\0197_2018.txt,2018,416,416,416x416,0,False,False,empty
0198_2018,data\raw\2018\2018\0198_2018.jpg,data\raw\2018\2018\0198_2018.txt,2018,1024,1024,1024x1024,0,False,False,empty
0199_2018,data\raw\2018\2018\0199_2018.jpg,data\raw\2018\2018\0199_2018.txt,2018,1024,1024,1024x1024,0,False,False,empty
0200_2018,data\raw\2018\2018\0200_2018.jpg,data\raw\2018\2018\0200_2018.txt,2018,1024,1024,1024x1024,0,False,False,empty
0201_2018,data\raw\2018\2018\0201_2018.jpg,data\raw\2018\2018\0201_2018.txt,2018,1024,1024,1024x1024,0,False,False,empty
0202_2018,data\raw\2018\2018\0202_2018.jpg,data\raw\2018\2018\0202_2018.txt,2018,416,416,416x416,0,False,False,empty
0203_2018,data\raw\2018\2018\0203_2018.jpg,data\raw\2018\2018\0203_2018.txt,2018,1024,1024,1024x1024,0,False,False,empty
0204_2018,data\raw\2018\2018\0204_2018.jpg,data\raw\2018\2018\0204_2018.txt,2018,1024,1024,1024x1024,0,False,False,empty
0205_2018,data\raw\2018\2018\0205_2018.jpg,data\raw\2018\2018\0205_2018.txt,2018,416,416,416x416,0,False,False,empty
0206_2018,data\raw\2018\2018\0206_2018.jpg,data\raw\2018\2018\0206_2018.txt,2018,416,416,416x416,0,False,False,empty
0207_2018,data\raw\2018\2018\0207_2018.jpg,data\raw\2018\2018\0207_2018.txt,2018,1024,1024,1024x1024,0,False,False,empty
0208_2018,data\raw\2018\2018\0208_2018.jpg,data\raw\2018\2018\0208_2018.txt,2018,1024,1024,1024x1024,0,False,False,empty
0209_2018,data\raw\2018\2018\0209_2018.jpg,data\raw\2018\2018\0209_2018.txt,2018,416,416,416x416,0,False,False,empty
0210_2018,data\raw\2018\2018\0210_2018.jpg,data\raw\2018\2018\0210_2018.txt,2018,416,416,416x416,0,False,False,empty
0211_2018,data\raw\2018\2018\0211_2018.jpg,data\raw\2018\2018\0211_2018.txt,2018,1024,1024,1024x1024,0,False,False,empty
0212_2018,data\raw\2018\2018\0212_2018.jpg,data\raw\2018\2018\0212_2018.txt,2018,416,416,416x416,1,True,False,milco_only
0213_2018,data\raw\2018\2018\0213_2018.jpg,data\raw\2018\2018\0213_2018.txt,2018,1024,1024,1024x1024,1,True,False,milco_only
0214_2018,data\raw\2018\2018\0214_2018.jpg,data\raw\2018\2018\0214_2018.txt,2018,416,416,416x416,0,False,False,empty
0215_2018,data\raw\2018\2018\0215_2018.jpg,data\raw\2018\2018\0215_2018.txt,2018,1024,1024,1024x1024,0,False,False,empty
0216_2018,data\raw\2018\2018\0216_2018.jpg,data\raw\2018\2018\0216_2018.txt,2018,1024,1024,1024x1024,0,False,False,empty
0217_2018,data\raw\2018\2018\0217_2018.jpg,data\raw\2018\2018\0217_2018.txt,2018,1024,1024,1024x1024,0,False,False,empty
0218_2018,data\raw\2018\2018\0218_2018.jpg,data\raw\2018\2018\0218_2018.txt,2018,1024,1024,1024x1024,0,False,False,empty
0219_2018,data\raw\2018\2018\0219_2018.jpg,data\raw\2018\2018\0219_2018.txt,2018,416,416,416x416,0,False,False,empty
0220_2018,data\raw\2018\2018\0220_2018.jpg,data\raw\2018\2018\0220_2018.txt,2018,1024,1024,1024x1024,0,False,False,empty
0221_2018,data\raw\2018\2018\0221_2018.jpg,data\raw\2018\2018\0221_2018.txt,2018,416,416,416x416,0,False,False,empty
0222_2018,data\raw\2018\2018\0222_2018.jpg,data\raw\2018\2018\0222_2018.txt,2018,1024,1024,1024x1024,0,False,False,empty
0223_2018,data\raw\2018\2018\0223_2018.jpg,data\raw\2018\2018\0223_2018.txt,2018,416,416,416x416,0,False,False,empty
0224_2018,data\raw\2018\2018\0224_2018.jpg,data\raw\2018\2018\0224_2018.txt,2018,1024,1024,1024x1024,0,False,False,empty
0225_2018,data\raw\2018\2018\0225_2018.jpg,data\raw\2018\2018\0225_2018.txt,2018,1024,1024,1024x1024,0,False,False,empty
0226_2018,data\raw\2018\2018\0226_2018.jpg,data\raw\2018\2018\0226_2018.txt,2018,416,416,416x416,0,False,False,empty
0227_2018,data\raw\2018\2018\0227_2018.jpg,data\raw\2018\2018\0227_2018.txt,2018,1024,1024,1024x1024,0,False,False,empty
0228_2018,data\raw\2018\2018\0228_2018.jpg,data\raw\2018\2018\0228_2018.txt,2018,416,416,416x416,0,False,False,empty
0229_2018,data\raw\2018\2018\0229_2018.jpg,data\raw\2018\2018\0229_2018.txt,2018,1024,1024,1024x1024,0,False,False,empty
0230_2018,data\raw\2018\2018\0230_2018.jpg,data\raw\2018\2018\0230_2018.txt,2018,416,416,416x416,0,False,False,empty
0231_2018,data\raw\2018\2018\0231_2018.jpg,data\raw\2018\2018\0231_2018.txt,2018,1024,1024,1024x1024,0,False,False,empty
0232_2018,data\raw\2018\2018\0232_2018.jpg,data\raw\2018\2018\0232_2018.txt,2018,416,416,416x416,0,False,False,empty
0233_2018,data\raw\2018\2018\0233_2018.jpg,data\raw\2018\2018\0233_2018.txt,2018,1024,1024,1024x1024,0,False,False,empty
0234_2018,data\raw\2018\2018\0234_2018.jpg,data\raw\2018\2018\0234_2018.txt,2018,1024,1024,1024x1024,0,False,False,empty
0235_2018,data\raw\2018\2018\0235_2018.jpg,data\raw\2018\2018\0235_2018.txt,2018,416,416,416x416,0,False,False,empty
0236_2018,data\raw\2018\2018\0236_2018.jpg,data\raw\2018\2018\0236_2018.txt,2018,1024,1024,1024x1024,0,False,False,empty
0237_2018,data\raw\2018\2018\0237_2018.jpg,data\raw\2018\2018\0237_2018.txt,2018,416,416,416x416,0,False,False,empty
0238_2018,data\raw\2018\2018\0238_2018.jpg,data\raw\2018\2018\0238_2018.txt,2018,416,416,416x416,0,False,False,empty
0239_2018,data\raw\2018\2018\0239_2018.jpg,data\raw\2018\2018\0239_2018.txt,2018,1024,1024,1024x1024,0,False,False,empty
0240_2018,data\raw\2018\2018\0240_2018.jpg,data\raw\2018\2018\0240_2018.txt,2018,1024,1024,1024x1024,0,False,False,empty
0241_2018,data\raw\2018\2018\0241_2018.jpg,data\raw\2018\2018\0241_2018.txt,2018,416,416,416x416,0,False,False,empty
0242_2018,data\raw\2018\2018\0242_2018.jpg,data\raw\2018\2018\0242_2018.txt,2018,1024,1024,1024x1024,0,False,False,empty
0243_2018,data\raw\2018\2018\0243_2018.jpg,data\raw\2018\2018\0243_2018.txt,2018,416,416,416x416,0,False,False,empty
0244_2018,data\raw\2018\2018\0244_2018.jpg,data\raw\2018\2018\0244_2018.txt,2018,1024,1024,1024x1024,0,False,False,empty
0245_2018,data\raw\2018\2018\0245_2018.jpg,data\raw\2018\2018\0245_2018.txt,2018,416,416,416x416,0,False,False,empty
0246_2018,data\raw\2018\2018\0246_2018.jpg,data\raw\2018\2018\0246_2018.txt,2018,1024,1024,1024x1024,0,False,False,empty
0247_2018,data\raw\2018\2018\0247_2018.jpg,data\raw\2018\2018\0247_2018.txt,2018,416,416,416x416,0,False,False,empty
0248_2018,data\raw\2018\2018\0248_2018.jpg,data\raw\2018\2018\0248_2018.txt,2018,1024,1024,1024x1024,0,False,False,empty
0249_2018,data\raw\2018\2018\0249_2018.jpg,data\raw\2018\2018\0249_2018.txt,2018,416,416,416x416,0,False,False,empty
0250_2018,data\raw\2018\2018\0250_2018.jpg,data\raw\2018\2018\0250_2018.txt,2018,1024,1024,1024x1024,0,False,False,empty
0251_2018,data\raw\2018\2018\0251_2018.jpg,data\raw\2018\2018\0251_2018.txt,2018,416,416,416x416,0,False,False,empty
0252_2018,data\raw\2018\2018\0252_2018.jpg,data\raw\2018\2018\0252_2018.txt,2018,416,416,416x416,0,False,False,empty
0253_2018,data\raw\2018\2018\0253_2018.jpg,data\raw\2018\2018\0253_2018.txt,2018,1024,1024,1024x1024,0,False,False,empty
0254_2018,data\raw\2018\2018\0254_2018.jpg,data\raw\2018\2018\0254_2018.txt,2018,1024,1024,1024x1024,0,False,False,empty
0255_2018,data\raw\2018\2018\0255_2018.jpg,data\raw\2018\2018\0255_2018.txt,2018,416,416,416x416,0,False,False,empty
0256_2018,data\raw\2018\2018\0256_2018.jpg,data\raw\2018\2018\0256_2018.txt,2018,1024,1024,1024x1024,0,False,False,empty
0257_2018,data\raw\2018\2018\0257_2018.jpg,data\raw\2018\2018\0257_2018.txt,2018,1024,1024,1024x1024,0,False,False,empty
0258_2018,data\raw\2018\2018\0258_2018.jpg,data\raw\2018\2018\0258_2018.txt,2018,1024,1024,1024x1024,0,False,False,empty
0259_2018,data\raw\2018\2018\0259_2018.jpg,data\raw\2018\2018\0259_2018.txt,2018,416,416,416x416,0,False,False,empty
0260_2018,data\raw\2018\2018\0260_2018.jpg,data\raw\2018\2018\0260_2018.txt,2018,1024,1024,1024x1024,0,False,False,empty
0261_2018,data\raw\2018\2018\0261_2018.jpg,data\raw\2018\2018\0261_2018.txt,2018,416,416,416x416,0,False,False,empty
0262_2018,data\raw\2018\2018\0262_2018.jpg,data\raw\2018\2018\0262_2018.txt,2018,416,416,416x416,0,False,False,empty
0263_2018,data\raw\2018\2018\0263_2018.jpg,data\raw\2018\2018\0263_2018.txt,2018,1024,1024,1024x1024,0,False,False,empty
0264_2018,data\raw\2018\2018\0264_2018.jpg,data\raw\2018\2018\0264_2018.txt,2018,416,416,416x416,0,False,False,empty
0265_2018,data\raw\2018\2018\0265_2018.jpg,data\raw\2018\2018\0265_2018.txt,2018,1024,1024,1024x1024,0,False,False,empty
0266_2018,data\raw\2018\2018\0266_2018.jpg,data\raw\2018\2018\0266_2018.txt,2018,416,416,416x416,0,False,False,empty
0267_2018,data\raw\2018\2018\0267_2018.jpg,data\raw\2018\2018\0267_2018.txt,2018,1024,1024,1024x1024,0,False,False,empty
0268_2018,data\raw\2018\2018\0268_2018.jpg,data\raw\2018\2018\0268_2018.txt,2018,1024,1024,1024x1024,1,False,True,nombo_only
0269_2018,data\raw\2018\2018\0269_2018.jpg,data\raw\2018\2018\0269_2018.txt,2018,416,416,416x416,1,False,True,nombo_only
0270_2018,data\raw\2018\2018\0270_2018.jpg,data\raw\2018\2018\0270_2018.txt,2018,1024,1024,1024x1024,1,True,False,milco_only
0271_2018,data\raw\2018\2018\0271_2018.jpg,data\raw\2018\2018\0271_2018.txt,2018,416,416,416x416,0,False,False,empty
0272_2018,data\raw\2018\2018\0272_2018.jpg,data\raw\2018\2018\0272_2018.txt,2018,1024,1024,1024x1024,0,False,False,empty
0273_2018,data\raw\2018\2018\0273_2018.jpg,data\raw\2018\2018\0273_2018.txt,2018,416,416,416x416,0,False,False,empty
0274_2018,data\raw\2018\2018\0274_2018.jpg,data\raw\2018\2018\0274_2018.txt,2018,1024,1024,1024x1024,0,False,False,empty
0275_2018,data\raw\2018\2018\0275_2018.jpg,data\raw\2018\2018\0275_2018.txt,2018,416,416,416x416,1,True,False,milco_only
0276_2018,data\raw\2018\2018\0276_2018.jpg,data\raw\2018\2018\0276_2018.txt,2018,1024,1024,1024x1024,1,True,False,milco_only
0277_2018,data\raw\2018\2018\0277_2018.jpg,data\raw\2018\2018\0277_2018.txt,2018,416,416,416x416,0,False,False,empty
0278_2018,data\raw\2018\2018\0278_2018.jpg,data\raw\2018\2018\0278_2018.txt,2018,1024,1024,1024x1024,0,False,False,empty
0279_2018,data\raw\2018\2018\0279_2018.jpg,data\raw\2018\2018\0279_2018.txt,2018,1024,1024,1024x1024,0,False,False,empty
0280_2018,data\raw\2018\2018\0280_2018.jpg,data\raw\2018\2018\0280_2018.txt,2018,416,416,416x416,0,False,False,empty
0281_2018,data\raw\2018\2018\0281_2018.jpg,data\raw\2018\2018\0281_2018.txt,2018,1024,1024,1024x1024,0,False,False,empty
0282_2018,data\raw\2018\2018\0282_2018.jpg,data\raw\2018\2018\0282_2018.txt,2018,1024,1024,1024x1024,1,True,False,milco_only
0283_2018,data\raw\2018\2018\0283_2018.jpg,data\raw\2018\2018\0283_2018.txt,2018,416,416,416x416,0,False,False,empty
0284_2018,data\raw\2018\2018\0284_2018.jpg,data\raw\2018\2018\0284_2018.txt,2018,1024,1024,1024x1024,0,False,False,empty
0285_2018,data\raw\2018\2018\0285_2018.jpg,data\raw\2018\2018\0285_2018.txt,2018,1024,1024,1024x1024,1,False,True,nombo_only
0286_2018,data\raw\2018\2018\0286_2018.jpg,data\raw\2018\2018\0286_2018.txt,2018,416,416,416x416,1,False,True,nombo_only
0287_2018,data\raw\2018\2018\0287_2018.jpg,data\raw\2018\2018\0287_2018.txt,2018,1024,1024,1024x1024,0,False,False,empty
0288_2018,data\raw\2018\2018\0288_2018.jpg,data\raw\2018\2018\0288_2018.txt,2018,416,416,416x416,0,False,False,empty
0289_2018,data\raw\2018\2018\0289_2018.jpg,data\raw\2018\2018\0289_2018.txt,2018,1024,1024,1024x1024,0,False,False,empty
0290_2018,data\raw\2018\2018\0290_2018.jpg,data\raw\2018\2018\0290_2018.txt,2018,416,416,416x416,0,False,False,empty
0291_2018,data\raw\2018\2018\0291_2018.jpg,data\raw\2018\2018\0291_2018.txt,2018,416,416,416x416,0,False,False,empty
0292_2018,data\raw\2018\2018\0292_2018.jpg,data\raw\2018\2018\0292_2018.txt,2018,1024,1024,1024x1024,0,False,False,empty
0293_2018,data\raw\2018\2018\0293_2018.jpg,data\raw\2018\2018\0293_2018.txt,2018,1024,1024,1024x1024,0,False,False,empty
0294_2018,data\raw\2018\2018\0294_2018.jpg,data\raw\2018\2018\0294_2018.txt,2018,416,416,416x416,0,False,False,empty
0295_2018,data\raw\2018\2018\0295_2018.jpg,data\raw\2018\2018\0295_2018.txt,2018,1024,1024,1024x1024,0,False,False,empty
0296_2018,data\raw\2018\2018\0296_2018.jpg,data\raw\2018\2018\0296_2018.txt,2018,416,416,416x416,0,False,False,empty
0297_2018,data\raw\2018\2018\0297_2018.jpg,data\raw\2018\2018\0297_2018.txt,2018,416,416,416x416,0,False,False,empty
0298_2018,data\raw\2018\2018\0298_2018.jpg,data\raw\2018\2018\0298_2018.txt,2018,1024,1024,1024x1024,0,False,False,empty
0299_2018,data\raw\2018\2018\0299_2018.jpg,data\raw\2018\2018\0299_2018.txt,2018,1024,1024,1024x1024,0,False,False,empty
0300_2018,data\raw\2018\2018\0300_2018.jpg,data\raw\2018\2018\0300_2018.txt,2018,416,416,416x416,0,False,False,empty
0301_2018,data\raw\2018\2018\0301_2018.jpg,data\raw\2018\2018\0301_2018.txt,2018,416,416,416x416,0,False,False,empty
0302_2018,data\raw\2018\2018\0302_2018.jpg,data\raw\2018\2018\0302_2018.txt,2018,1024,1024,1024x1024,0,False,False,empty
0303_2018,data\raw\2018\2018\0303_2018.jpg,data\raw\2018\2018\0303_2018.txt,2018,1024,1024,1024x1024,0,False,False,empty
0304_2018,data\raw\2018\2018\0304_2018.jpg,data\raw\2018\2018\0304_2018.txt,2018,416,416,416x416,0,False,False,empty
0305_2018,data\raw\2018\2018\0305_2018.jpg,data\raw\2018\2018\0305_2018.txt,2018,416,416,416x416,0,False,False,empty
0306_2018,data\raw\2018\2018\0306_2018.jpg,data\raw\2018\2018\0306_2018.txt,2018,1024,1024,1024x1024,0,False,False,empty
0307_2018,data\raw\2018\2018\0307_2018.jpg,data\raw\2018\2018\0307_2018.txt,2018,416,416,416x416,0,False,False,empty
0308_2018,data\raw\2018\2018\0308_2018.jpg,data\raw\2018\2018\0308_2018.txt,2018,1024,1024,1024x1024,0,False,False,empty
0309_2018,data\raw\2018\2018\0309_2018.jpg,data\raw\2018\2018\0309_2018.txt,2018,416,416,416x416,0,False,False,empty
0310_2018,data\raw\2018\2018\0310_2018.jpg,data\raw\2018\2018\0310_2018.txt,2018,1024,1024,1024x1024,0,False,False,empty
0311_2018,data\raw\2018\2018\0311_2018.jpg,data\raw\2018\2018\0311_2018.txt,2018,416,416,416x416,0,False,False,empty
0312_2018,data\raw\2018\2018\0312_2018.jpg,data\raw\2018\2018\0312_2018.txt,2018,1024,1024,1024x1024,0,False,False,empty
0313_2018,data\raw\2018\2018\0313_2018.jpg,data\raw\2018\2018\0313_2018.txt,2018,416,416,416x416,0,False,False,empty
0314_2018,data\raw\2018\2018\0314_2018.jpg,data\raw\2018\2018\0314_2018.txt,2018,1024,1024,1024x1024,0,False,False,empty
0315_2018,data\raw\2018\2018\0315_2018.jpg,data\raw\2018\2018\0315_2018.txt,2018,1024,1024,1024x1024,0,False,False,empty
0316_2018,data\raw\2018\2018\0316_2018.jpg,data\raw\2018\2018\0316_2018.txt,2018,416,416,416x416,0,False,False,empty
0317_2018,data\raw\2018\2018\0317_2018.jpg,data\raw\2018\2018\0317_2018.txt,2018,416,416,416x416,0,False,False,empty
0318_2018,data\raw\2018\2018\0318_2018.jpg,data\raw\2018\2018\0318_2018.txt,2018,1024,1024,1024x1024,0,False,False,empty
0319_2018,data\raw\2018\2018\0319_2018.jpg,data\raw\2018\2018\0319_2018.txt,2018,1024,1024,1024x1024,1,False,True,nombo_only
0320_2018,data\raw\2018\2018\0320_2018.jpg,data\raw\2018\2018\0320_2018.txt,2018,416,416,416x416,1,False,True,nombo_only
0321_2018,data\raw\2018\2018\0321_2018.jpg,data\raw\2018\2018\0321_2018.txt,2018,416,416,416x416,0,False,False,empty
0322_2018,data\raw\2018\2018\0322_2018.jpg,data\raw\2018\2018\0322_2018.txt,2018,1024,1024,1024x1024,0,False,False,empty
0323_2018,data\raw\2018\2018\0323_2018.jpg,data\raw\2018\2018\0323_2018.txt,2018,1024,1024,1024x1024,0,False,False,empty
0324_2018,data\raw\2018\2018\0324_2018.jpg,data\raw\2018\2018\0324_2018.txt,2018,1024,1024,1024x1024,1,False,True,nombo_only
0325_2018,data\raw\2018\2018\0325_2018.jpg,data\raw\2018\2018\0325_2018.txt,2018,416,416,416x416,1,False,True,nombo_only
0326_2018,data\raw\2018\2018\0326_2018.jpg,data\raw\2018\2018\0326_2018.txt,2018,416,416,416x416,0,False,False,empty
0327_2018,data\raw\2018\2018\0327_2018.jpg,data\raw\2018\2018\0327_2018.txt,2018,1024,1024,1024x1024,0,False,False,empty
0328_2018,data\raw\2018\2018\0328_2018.jpg,data\raw\2018\2018\0328_2018.txt,2018,1024,1024,1024x1024,1,True,False,milco_only
0329_2018,data\raw\2018\2018\0329_2018.jpg,data\raw\2018\2018\0329_2018.txt,2018,416,416,416x416,1,True,False,milco_only
0330_2018,data\raw\2018\2018\0330_2018.jpg,data\raw\2018\2018\0330_2018.txt,2018,1024,1024,1024x1024,1,True,False,milco_only
0331_2018,data\raw\2018\2018\0331_2018.jpg,data\raw\2018\2018\0331_2018.txt,2018,1024,1024,1024x1024,2,True,False,milco_only
0332_2018,data\raw\2018\2018\0332_2018.jpg,data\raw\2018\2018\0332_2018.txt,2018,416,416,416x416,2,True,False,milco_only
0333_2018,data\raw\2018\2018\0333_2018.jpg,data\raw\2018\2018\0333_2018.txt,2018,1024,1024,1024x1024,2,True,False,milco_only
0334_2018,data\raw\2018\2018\0334_2018.jpg,data\raw\2018\2018\0334_2018.txt,2018,1024,1024,1024x1024,1,True,False,milco_only
0335_2018,data\raw\2018\2018\0335_2018.jpg,data\raw\2018\2018\0335_2018.txt,2018,416,416,416x416,1,True,False,milco_only
0336_2018,data\raw\2018\2018\0336_2018.jpg,data\raw\2018\2018\0336_2018.txt,2018,1024,1024,1024x1024,2,True,False,milco_only
0337_2018,data\raw\2018\2018\0337_2018.jpg,data\raw\2018\2018\0337_2018.txt,2018,1024,1024,1024x1024,1,True,False,milco_only
0338_2018,data\raw\2018\2018\0338_2018.jpg,data\raw\2018\2018\0338_2018.txt,2018,416,416,416x416,0,False,False,empty
0339_2018,data\raw\2018\2018\0339_2018.jpg,data\raw\2018\2018\0339_2018.txt,2018,1024,1024,1024x1024,0,False,False,empty
0340_2018,data\raw\2018\2018\0340_2018.jpg,data\raw\2018\2018\0340_2018.txt,2018,416,416,416x416,1,True,False,milco_only
0341_2018,data\raw\2018\2018\0341_2018.jpg,data\raw\2018\2018\0341_2018.txt,2018,1024,1024,1024x1024,1,True,False,milco_only
0342_2018,data\raw\2018\2018\0342_2018.jpg,data\raw\2018\2018\0342_2018.txt,2018,1024,1024,1024x1024,1,True,False,milco_only
0343_2018,data\raw\2018\2018\0343_2018.jpg,data\raw\2018\2018\0343_2018.txt,2018,416,416,416x416,1,True,False,milco_only
0344_2018,data\raw\2018\2018\0344_2018.jpg,data\raw\2018\2018\0344_2018.txt,2018,1024,1024,1024x1024,2,True,True,mixed
0345_2018,data\raw\2018\2018\0345_2018.jpg,data\raw\2018\2018\0345_2018.txt,2018,416,416,416x416,2,True,True,mixed
0346_2018,data\raw\2018\2018\0346_2018.jpg,data\raw\2018\2018\0346_2018.txt,2018,416,416,416x416,0,False,False,empty
0347_2018,data\raw\2018\2018\0347_2018.jpg,data\raw\2018\2018\0347_2018.txt,2018,1024,1024,1024x1024,0,False,False,empty
0348_2018,data\raw\2018\2018\0348_2018.jpg,data\raw\2018\2018\0348_2018.txt,2018,416,416,416x416,0,False,False,empty
0349_2018,data\raw\2018\2018\0349_2018.jpg,data\raw\2018\2018\0349_2018.txt,2018,1024,1024,1024x1024,0,False,False,empty
0350_2018,data\raw\2018\2018\0350_2018.jpg,data\raw\2018\2018\0350_2018.txt,2018,1024,1024,1024x1024,0,False,False,empty
0351_2018,data\raw\2018\2018\0351_2018.jpg,data\raw\2018\2018\0351_2018.txt,2018,416,416,416x416,0,False,False,empty
0352_2018,data\raw\2018\2018\0352_2018.jpg,data\raw\2018\2018\0352_2018.txt,2018,416,416,416x416,0,False,False,empty
0353_2018,data\raw\2018\2018\0353_2018.jpg,data\raw\2018\2018\0353_2018.txt,2018,1024,1024,1024x1024,0,False,False,empty
0354_2018,data\raw\2018\2018\0354_2018.jpg,data\raw\2018\2018\0354_2018.txt,2018,1024,1024,1024x1024,0,False,False,empty
0355_2018,data\raw\2018\2018\0355_2018.jpg,data\raw\2018\2018\0355_2018.txt,2018,416,416,416x416,0,False,False,empty
0356_2018,data\raw\2018\2018\0356_2018.jpg,data\raw\2018\2018\0356_2018.txt,2018,1024,1024,1024x1024,0,False,False,empty
0357_2018,data\raw\2018\2018\0357_2018.jpg,data\raw\2018\2018\0357_2018.txt,2018,416,416,416x416,0,False,False,empty
0358_2018,data\raw\2018\2018\0358_2018.jpg,data\raw\2018\2018\0358_2018.txt,2018,1024,1024,1024x1024,3,True,False,milco_only
0359_2018,data\raw\2018\2018\0359_2018.jpg,data\raw\2018\2018\0359_2018.txt,2018,416,416,416x416,3,True,False,milco_only
0360_2018,data\raw\2018\2018\0360_2018.jpg,data\raw\2018\2018\0360_2018.txt,2018,1024,1024,1024x1024,0,False,False,empty
0361_2018,data\raw\2018\2018\0361_2018.jpg,data\raw\2018\2018\0361_2018.txt,2018,416,416,416x416,0,False,False,empty
0362_2018,data\raw\2018\2018\0362_2018.jpg,data\raw\2018\2018\0362_2018.txt,2018,1024,1024,1024x1024,1,True,False,milco_only
0363_2018,data\raw\2018\2018\0363_2018.jpg,data\raw\2018\2018\0363_2018.txt,2018,416,416,416x416,1,True,False,milco_only
0364_2018,data\raw\2018\2018\0364_2018.jpg,data\raw\2018\2018\0364_2018.txt,2018,1024,1024,1024x1024,1,True,False,milco_only
0365_2018,data\raw\2018\2018\0365_2018.jpg,data\raw\2018\2018\0365_2018.txt,2018,416,416,416x416,3,True,True,mixed
0366_2018,data\raw\2018\2018\0366_2018.jpg,data\raw\2018\2018\0366_2018.txt,2018,1024,1024,1024x1024,3,True,True,mixed
0367_2018,data\raw\2018\2018\0367_2018.jpg,data\raw\2018\2018\0367_2018.txt,2018,1024,1024,1024x1024,2,True,False,milco_only
0368_2018,data\raw\2018\2018\0368_2018.jpg,data\raw\2018\2018\0368_2018.txt,2018,1024,1024,1024x1024,2,True,False,milco_only
0369_2018,data\raw\2018\2018\0369_2018.jpg,data\raw\2018\2018\0369_2018.txt,2018,1024,1024,1024x1024,1,True,False,milco_only
0370_2018,data\raw\2018\2018\0370_2018.jpg,data\raw\2018\2018\0370_2018.txt,2018,416,416,416x416,1,True,False,milco_only
0371_2018,data\raw\2018\2018\0371_2018.jpg,data\raw\2018\2018\0371_2018.txt,2018,1024,1024,1024x1024,1,True,False,milco_only
0372_2018,data\raw\2018\2018\0372_2018.jpg,data\raw\2018\2018\0372_2018.txt,2018,1024,1024,1024x1024,0,False,False,empty
0373_2018,data\raw\2018\2018\0373_2018.jpg,data\raw\2018\2018\0373_2018.txt,2018,1024,1024,1024x1024,1,True,False,milco_only
0374_2018,data\raw\2018\2018\0374_2018.jpg,data\raw\2018\2018\0374_2018.txt,2018,416,416,416x416,1,True,False,milco_only
0375_2018,data\raw\2018\2018\0375_2018.jpg,data\raw\2018\2018\0375_2018.txt,2018,1024,1024,1024x1024,1,True,False,milco_only
0376_2018,data\raw\2018\2018\0376_2018.jpg,data\raw\2018\2018\0376_2018.txt,2018,1024,1024,1024x1024,1,True,False,milco_only
0377_2018,data\raw\2018\2018\0377_2018.jpg,data\raw\2018\2018\0377_2018.txt,2018,416,416,416x416,1,True,False,milco_only
0378_2018,data\raw\2018\2018\0378_2018.jpg,data\raw\2018\2018\0378_2018.txt,2018,1024,1024,1024x1024,1,True,False,milco_only
0379_2018,data\raw\2018\2018\0379_2018.jpg,data\raw\2018\2018\0379_2018.txt,2018,416,416,416x416,1,True,False,milco_only
0380_2018,data\raw\2018\2018\0380_2018.jpg,data\raw\2018\2018\0380_2018.txt,2018,1024,1024,1024x1024,0,False,False,empty
0381_2018,data\raw\2018\2018\0381_2018.jpg,data\raw\2018\2018\0381_2018.txt,2018,1024,1024,1024x1024,0,False,False,empty
0382_2018,data\raw\2018\2018\0382_2018.jpg,data\raw\2018\2018\0382_2018.txt,2018,416,416,416x416,0,False,False,empty
0383_2018,data\raw\2018\2018\0383_2018.jpg,data\raw\2018\2018\0383_2018.txt,2018,416,416,416x416,0,False,False,empty
0384_2018,data\raw\2018\2018\0384_2018.jpg,data\raw\2018\2018\0384_2018.txt,2018,1024,1024,1024x1024,0,False,False,empty
0385_2018,data\raw\2018\2018\0385_2018.jpg,data\raw\2018\2018\0385_2018.txt,2018,416,416,416x416,0,False,False,empty
0386_2018,data\raw\2018\2018\0386_2018.jpg,data\raw\2018\2018\0386_2018.txt,2018,1024,1024,1024x1024,0,False,False,empty
0387_2018,data\raw\2018\2018\0387_2018.jpg,data\raw\2018\2018\0387_2018.txt,2018,1024,1024,1024x1024,1,True,False,milco_only
0388_2018,data\raw\2018\2018\0388_2018.jpg,data\raw\2018\2018\0388_2018.txt,2018,416,416,416x416,1,True,False,milco_only
0389_2018,data\raw\2018\2018\0389_2018.jpg,data\raw\2018\2018\0389_2018.txt,2018,1024,1024,1024x1024,1,True,False,milco_only
0390_2018,data\raw\2018\2018\0390_2018.jpg,data\raw\2018\2018\0390_2018.txt,2018,1024,1024,1024x1024,0,False,False,empty
0391_2018,data\raw\2018\2018\0391_2018.jpg,data\raw\2018\2018\0391_2018.txt,2018,416,416,416x416,0,False,False,empty
0392_2018,data\raw\2018\2018\0392_2018.jpg,data\raw\2018\2018\0392_2018.txt,2018,1024,1024,1024x1024,0,False,False,empty
0393_2018,data\raw\2018\2018\0393_2018.jpg,data\raw\2018\2018\0393_2018.txt,2018,416,416,416x416,0,False,False,empty
0394_2018,data\raw\2018\2018\0394_2018.jpg,data\raw\2018\2018\0394_2018.txt,2018,1024,1024,1024x1024,0,False,False,empty
0395_2018,data\raw\2018\2018\0395_2018.jpg,data\raw\2018\2018\0395_2018.txt,2018,1024,1024,1024x1024,0,False,False,empty
0396_2018,data\raw\2018\2018\0396_2018.jpg,data\raw\2018\2018\0396_2018.txt,2018,416,416,416x416,0,False,False,empty
0397_2018,data\raw\2018\2018\0397_2018.jpg,data\raw\2018\2018\0397_2018.txt,2018,416,416,416x416,0,False,False,empty
0398_2018,data\raw\2018\2018\0398_2018.jpg,data\raw\2018\2018\0398_2018.txt,2018,1024,1024,1024x1024,0,False,False,empty
0399_2018,data\raw\2018\2018\0399_2018.jpg,data\raw\2018\2018\0399_2018.txt,2018,416,416,416x416,0,False,False,empty
0400_2018,data\raw\2018\2018\0400_2018.jpg,data\raw\2018\2018\0400_2018.txt,2018,1024,1024,1024x1024,0,False,False,empty
0401_2018,data\raw\2018\2018\0401_2018.jpg,data\raw\2018\2018\0401_2018.txt,2018,1024,1024,1024x1024,0,False,False,empty
0402_2018,data\raw\2018\2018\0402_2018.jpg,data\raw\2018\2018\0402_2018.txt,2018,416,416,416x416,0,False,False,empty
0403_2018,data\raw\2018\2018\0403_2018.jpg,data\raw\2018\2018\0403_2018.txt,2018,1024,1024,1024x1024,0,False,False,empty
0404_2018,data\raw\2018\2018\0404_2018.jpg,data\raw\2018\2018\0404_2018.txt,2018,1024,1024,1024x1024,2,True,True,mixed
0405_2018,data\raw\2018\2018\0405_2018.jpg,data\raw\2018\2018\0405_2018.txt,2018,1024,1024,1024x1024,0,False,False,empty
0406_2018,data\raw\2018\2018\0406_2018.jpg,data\raw\2018\2018\0406_2018.txt,2018,1024,1024,1024x1024,0,False,False,empty
0407_2018,data\raw\2018\2018\0407_2018.jpg,data\raw\2018\2018\0407_2018.txt,2018,1024,1024,1024x1024,0,False,False,empty
0408_2018,data\raw\2018\2018\0408_2018.jpg,data\raw\2018\2018\0408_2018.txt,2018,1024,1024,1024x1024,0,False,False,empty
0409_2018,data\raw\2018\2018\0409_2018.jpg,data\raw\2018\2018\0409_2018.txt,2018,416,416,416x416,0,False,False,empty
0410_2018,data\raw\2018\2018\0410_2018.jpg,data\raw\2018\2018\0410_2018.txt,2018,416,416,416x416,0,False,False,empty
0411_2018,data\raw\2018\2018\0411_2018.jpg,data\raw\2018\2018\0411_2018.txt,2018,1024,1024,1024x1024,0,False,False,empty
0412_2018,data\raw\2018\2018\0412_2018.jpg,data\raw\2018\2018\0412_2018.txt,2018,416,416,416x416,1,True,False,milco_only
0413_2018,data\raw\2018\2018\0413_2018.jpg,data\raw\2018\2018\0413_2018.txt,2018,1024,1024,1024x1024,1,True,False,milco_only
0414_2018,data\raw\2018\2018\0414_2018.jpg,data\raw\2018\2018\0414_2018.txt,2018,1024,1024,1024x1024,1,False,True,nombo_only
0415_2018,data\raw\2018\2018\0415_2018.jpg,data\raw\2018\2018\0415_2018.txt,2018,416,416,416x416,1,False,True,nombo_only
0416_2018,data\raw\2018\2018\0416_2018.jpg,data\raw\2018\2018\0416_2018.txt,2018,416,416,416x416,0,False,False,empty
0417_2018,data\raw\2018\2018\0417_2018.jpg,data\raw\2018\2018\0417_2018.txt,2018,1024,1024,1024x1024,0,False,False,empty
0418_2018,data\raw\2018\2018\0418_2018.jpg,data\raw\2018\2018\0418_2018.txt,2018,416,416,416x416,0,False,False,empty
0419_2018,data\raw\2018\2018\0419_2018.jpg,data\raw\2018\2018\0419_2018.txt,2018,1024,1024,1024x1024,0,False,False,empty
0420_2018,data\raw\2018\2018\0420_2018.jpg,data\raw\2018\2018\0420_2018.txt,2018,1024,1024,1024x1024,0,False,False,empty
0421_2018,data\raw\2018\2018\0421_2018.jpg,data\raw\2018\2018\0421_2018.txt,2018,416,416,416x416,0,False,False,empty
0422_2018,data\raw\2018\2018\0422_2018.jpg,data\raw\2018\2018\0422_2018.txt,2018,416,416,416x416,0,False,False,empty
0423_2018,data\raw\2018\2018\0423_2018.jpg,data\raw\2018\2018\0423_2018.txt,2018,1024,1024,1024x1024,0,False,False,empty
0424_2018,data\raw\2018\2018\0424_2018.jpg,data\raw\2018\2018\0424_2018.txt,2018,416,416,416x416,0,False,False,empty
0425_2018,data\raw\2018\2018\0425_2018.jpg,data\raw\2018\2018\0425_2018.txt,2018,1024,1024,1024x1024,0,False,False,empty
0426_2018,data\raw\2018\2018\0426_2018.jpg,data\raw\2018\2018\0426_2018.txt,2018,416,416,416x416,1,False,True,nombo_only
0427_2018,data\raw\2018\2018\0427_2018.jpg,data\raw\2018\2018\0427_2018.txt,2018,1024,1024,1024x1024,1,False,True,nombo_only
0428_2018,data\raw\2018\2018\0428_2018.jpg,data\raw\2018\2018\0428_2018.txt,2018,1024,1024,1024x1024,1,True,False,milco_only
0429_2018,data\raw\2018\2018\0429_2018.jpg,data\raw\2018\2018\0429_2018.txt,2018,416,416,416x416,1,True,False,milco_only
0430_2018,data\raw\2018\2018\0430_2018.jpg,data\raw\2018\2018\0430_2018.txt,2018,1024,1024,1024x1024,0,False,False,empty
0431_2018,data\raw\2018\2018\0431_2018.jpg,data\raw\2018\2018\0431_2018.txt,2018,416,416,416x416,0,False,False,empty
0432_2018,data\raw\2018\2018\0432_2018.jpg,data\raw\2018\2018\0432_2018.txt,2018,1024,1024,1024x1024,0,False,False,empty
0433_2018,data\raw\2018\2018\0433_2018.jpg,data\raw\2018\2018\0433_2018.txt,2018,416,416,416x416,0,False,False,empty
0434_2018,data\raw\2018\2018\0434_2018.jpg,data\raw\2018\2018\0434_2018.txt,2018,416,416,416x416,2,True,True,mixed
0435_2018,data\raw\2018\2018\0435_2018.jpg,data\raw\2018\2018\0435_2018.txt,2018,1024,1024,1024x1024,2,True,True,mixed
0436_2018,data\raw\2018\2018\0436_2018.jpg,data\raw\2018\2018\0436_2018.txt,2018,1024,1024,1024x1024,1,True,False,milco_only
0437_2018,data\raw\2018\2018\0437_2018.jpg,data\raw\2018\2018\0437_2018.txt,2018,416,416,416x416,1,True,False,milco_only
0438_2018,data\raw\2018\2018\0438_2018.jpg,data\raw\2018\2018\0438_2018.txt,2018,416,416,416x416,0,False,False,empty
0439_2018,data\raw\2018\2018\0439_2018.jpg,data\raw\2018\2018\0439_2018.txt,2018,1024,1024,1024x1024,0,False,False,empty
0440_2018,data\raw\2018\2018\0440_2018.jpg,data\raw\2018\2018\0440_2018.txt,2018,1024,1024,1024x1024,1,False,True,nombo_only
0441_2018,data\raw\2018\2018\0441_2018.jpg,data\raw\2018\2018\0441_2018.txt,2018,1024,1024,1024x1024,2,True,False,milco_only
0442_2018,data\raw\2018\2018\0442_2018.jpg,data\raw\2018\2018\0442_2018.txt,2018,416,416,416x416,2,True,False,milco_only
0443_2018,data\raw\2018\2018\0443_2018.jpg,data\raw\2018\2018\0443_2018.txt,2018,416,416,416x416,1,True,False,milco_only
0444_2018,data\raw\2018\2018\0444_2018.jpg,data\raw\2018\2018\0444_2018.txt,2018,1024,1024,1024x1024,1,True,False,milco_only
0445_2018,data\raw\2018\2018\0445_2018.jpg,data\raw\2018\2018\0445_2018.txt,2018,416,416,416x416,1,True,False,milco_only
0446_2018,data\raw\2018\2018\0446_2018.jpg,data\raw\2018\2018\0446_2018.txt,2018,416,416,416x416,0,False,False,empty
0447_2018,data\raw\2018\2018\0447_2018.jpg,data\raw\2018\2018\0447_2018.txt,2018,416,416,416x416,0,False,False,empty
0448_2018,data\raw\2018\2018\0448_2018.jpg,data\raw\2018\2018\0448_2018.txt,2018,416,416,416x416,0,False,False,empty
0449_2018,data\raw\2018\2018\0449_2018.jpg,data\raw\2018\2018\0449_2018.txt,2018,416,416,416x416,1,True,False,milco_only
0450_2018,data\raw\2018\2018\0450_2018.jpg,data\raw\2018\2018\0450_2018.txt,2018,416,416,416x416,0,False,False,empty
0451_2018,data\raw\2018\2018\0451_2018.jpg,data\raw\2018\2018\0451_2018.txt,2018,416,416,416x416,1,True,False,milco_only
0452_2018,data\raw\2018\2018\0452_2018.jpg,data\raw\2018\2018\0452_2018.txt,2018,416,416,416x416,1,False,True,nombo_only
0453_2018,data\raw\2018\2018\0453_2018.jpg,data\raw\2018\2018\0453_2018.txt,2018,416,416,416x416,1,False,True,nombo_only
0454_2018,data\raw\2018\2018\0454_2018.jpg,data\raw\2018\2018\0454_2018.txt,2018,416,416,416x416,1,False,True,nombo_only
0455_2018,data\raw\2018\2018\0455_2018.jpg,data\raw\2018\2018\0455_2018.txt,2018,416,416,416x416,2,True,False,milco_only
0456_2018,data\raw\2018\2018\0456_2018.jpg,data\raw\2018\2018\0456_2018.txt,2018,416,416,416x416,1,False,True,nombo_only
0457_2018,data\raw\2018\2018\0457_2018.jpg,data\raw\2018\2018\0457_2018.txt,2018,416,416,416x416,1,False,True,nombo_only
0458_2018,data\raw\2018\2018\0458_2018.jpg,data\raw\2018\2018\0458_2018.txt,2018,416,416,416x416,2,False,True,nombo_only
0459_2018,data\raw\2018\2018\0459_2018.jpg,data\raw\2018\2018\0459_2018.txt,2018,416,416,416x416,1,False,True,nombo_only
0460_2018,data\raw\2018\2018\0460_2018.jpg,data\raw\2018\2018\0460_2018.txt,2018,416,416,416x416,3,False,True,nombo_only
0461_2018,data\raw\2018\2018\0461_2018.jpg,data\raw\2018\2018\0461_2018.txt,2018,416,416,416x416,2,False,True,nombo_only
0462_2018,data\raw\2018\2018\0462_2018.jpg,data\raw\2018\2018\0462_2018.txt,2018,416,416,416x416,1,False,True,nombo_only
0463_2018,data\raw\2018\2018\0463_2018.jpg,data\raw\2018\2018\0463_2018.txt,2018,416,416,416x416,2,False,True,nombo_only
0464_2018,data\raw\2018\2018\0464_2018.jpg,data\raw\2018\2018\0464_2018.txt,2018,416,416,416x416,1,True,False,milco_only
0465_2018,data\raw\2018\2018\0465_2018.jpg,data\raw\2018\2018\0465_2018.txt,2018,416,416,416x416,0,False,False,empty
0466_2018,data\raw\2018\2018\0466_2018.jpg,data\raw\2018\2018\0466_2018.txt,2018,416,416,416x416,0,False,False,empty
0467_2018,data\raw\2018\2018\0467_2018.jpg,data\raw\2018\2018\0467_2018.txt,2018,416,416,416x416,0,False,False,empty
0468_2018,data\raw\2018\2018\0468_2018.jpg,data\raw\2018\2018\0468_2018.txt,2018,416,416,416x416,0,False,False,empty
0469_2018,data\raw\2018\2018\0469_2018.jpg,data\raw\2018\2018\0469_2018.txt,2018,416,416,416x416,0,False,False,empty
0470_2018,data\raw\2018\2018\0470_2018.jpg,data\raw\2018\2018\0470_2018.txt,2018,416,416,416x416,0,False,False,empty
0471_2018,data\raw\2018\2018\0471_2018.jpg,data\raw\2018\2018\0471_2018.txt,2018,416,416,416x416,0,False,False,empty
0472_2018,data\raw\2018\2018\0472_2018.jpg,data\raw\2018\2018\0472_2018.txt,2018,416,416,416x416,0,False,False,empty
0473_2018,data\raw\2018\2018\0473_2018.jpg,data\raw\2018\2018\0473_2018.txt,2018,416,416,416x416,0,False,False,empty
0474_2018,data\raw\2018\2018\0474_2018.jpg,data\raw\2018\2018\0474_2018.txt,2018,416,416,416x416,0,False,False,empty
0475_2018,data\raw\2018\2018\0475_2018.jpg,data\raw\2018\2018\0475_2018.txt,2018,416,416,416x416,0,False,False,empty
0476_2018,data\raw\2018\2018\0476_2018.jpg,data\raw\2018\2018\0476_2018.txt,2018,416,416,416x416,0,False,False,empty
0477_2018,data\raw\2018\2018\0477_2018.jpg,data\raw\2018\2018\0477_2018.txt,2018,416,416,416x416,0,False,False,empty
0478_2018,data\raw\2018\2018\0478_2018.jpg,data\raw\2018\2018\0478_2018.txt,2018,416,416,416x416,0,False,False,empty
0479_2018,data\raw\2018\2018\0479_2018.jpg,data\raw\2018\2018\0479_2018.txt,2018,416,416,416x416,0,False,False,empty
0480_2018,data\raw\2018\2018\0480_2018.jpg,data\raw\2018\2018\0480_2018.txt,2018,416,416,416x416,0,False,False,empty
0481_2018,data\raw\2018\2018\0481_2018.jpg,data\raw\2018\2018\0481_2018.txt,2018,416,416,416x416,1,False,True,nombo_only
0482_2018,data\raw\2018\2018\0482_2018.jpg,data\raw\2018\2018\0482_2018.txt,2018,416,416,416x416,0,False,False,empty
0483_2018,data\raw\2018\2018\0483_2018.jpg,data\raw\2018\2018\0483_2018.txt,2018,416,416,416x416,0,False,False,empty
0484_2018,data\raw\2018\2018\0484_2018.jpg,data\raw\2018\2018\0484_2018.txt,2018,416,416,416x416,0,False,False,empty
0485_2018,data\raw\2018\2018\0485_2018.jpg,data\raw\2018\2018\0485_2018.txt,2018,416,416,416x416,0,False,False,empty
0486_2018,data\raw\2018\2018\0486_2018.jpg,data\raw\2018\2018\0486_2018.txt,2018,416,416,416x416,0,False,False,empty
0487_2018,data\raw\2018\2018\0487_2018.jpg,data\raw\2018\2018\0487_2018.txt,2018,416,416,416x416,0,False,False,empty
0488_2018,data\raw\2018\2018\0488_2018.jpg,data\raw\2018\2018\0488_2018.txt,2018,416,416,416x416,0,False,False,empty
0489_2018,data\raw\2018\2018\0489_2018.jpg,data\raw\2018\2018\0489_2018.txt,2018,416,416,416x416,0,False,False,empty
0490_2018,data\raw\2018\2018\0490_2018.jpg,data\raw\2018\2018\0490_2018.txt,2018,416,416,416x416,0,False,False,empty
0491_2018,data\raw\2018\2018\0491_2018.jpg,data\raw\2018\2018\0491_2018.txt,2018,416,416,416x416,0,False,False,empty
0492_2018,data\raw\2018\2018\0492_2018.jpg,data\raw\2018\2018\0492_2018.txt,2018,416,416,416x416,0,False,False,empty
0493_2018,data\raw\2018\2018\0493_2018.jpg,data\raw\2018\2018\0493_2018.txt,2018,416,416,416x416,0,False,False,empty
0494_2018,data\raw\2018\2018\0494_2018.jpg,data\raw\2018\2018\0494_2018.txt,2018,416,416,416x416,0,False,False,empty
0495_2018,data\raw\2018\2018\0495_2018.jpg,data\raw\2018\2018\0495_2018.txt,2018,416,416,416x416,0,False,False,empty
0496_2018,data\raw\2018\2018\0496_2018.jpg,data\raw\2018\2018\0496_2018.txt,2018,416,416,416x416,0,False,False,empty
0497_2018,data\raw\2018\2018\0497_2018.jpg,data\raw\2018\2018\0497_2018.txt,2018,416,416,416x416,0,False,False,empty
0498_2018,data\raw\2018\2018\0498_2018.jpg,data\raw\2018\2018\0498_2018.txt,2018,416,416,416x416,0,False,False,empty
0499_2018,data\raw\2018\2018\0499_2018.jpg,data\raw\2018\2018\0499_2018.txt,2018,416,416,416x416,0,False,False,empty
0500_2018,data\raw\2018\2018\0500_2018.jpg,data\raw\2018\2018\0500_2018.txt,2018,416,416,416x416,0,False,False,empty
0501_2018,data\raw\2018\2018\0501_2018.jpg,data\raw\2018\2018\0501_2018.txt,2018,416,416,416x416,0,False,False,empty
0502_2018,data\raw\2018\2018\0502_2018.jpg,data\raw\2018\2018\0502_2018.txt,2018,416,416,416x416,0,False,False,empty
0503_2018,data\raw\2018\2018\0503_2018.jpg,data\raw\2018\2018\0503_2018.txt,2018,416,416,416x416,0,False,False,empty
0504_2018,data\raw\2018\2018\0504_2018.jpg,data\raw\2018\2018\0504_2018.txt,2018,416,416,416x416,0,False,False,empty
0505_2018,data\raw\2018\2018\0505_2018.jpg,data\raw\2018\2018\0505_2018.txt,2018,416,416,416x416,0,False,False,empty
0506_2018,data\raw\2018\2018\0506_2018.jpg,data\raw\2018\2018\0506_2018.txt,2018,416,416,416x416,0,False,False,empty
0507_2018,data\raw\2018\2018\0507_2018.jpg,data\raw\2018\2018\0507_2018.txt,2018,416,416,416x416,0,False,False,empty
0508_2018,data\raw\2018\2018\0508_2018.jpg,data\raw\2018\2018\0508_2018.txt,2018,416,416,416x416,0,False,False,empty
0509_2018,data\raw\2018\2018\0509_2018.jpg,data\raw\2018\2018\0509_2018.txt,2018,416,416,416x416,0,False,False,empty
0510_2018,data\raw\2018\2018\0510_2018.jpg,data\raw\2018\2018\0510_2018.txt,2018,416,416,416x416,1,True,False,milco_only
0511_2018,data\raw\2018\2018\0511_2018.jpg,data\raw\2018\2018\0511_2018.txt,2018,416,416,416x416,0,False,False,empty
0512_2018,data\raw\2018\2018\0512_2018.jpg,data\raw\2018\2018\0512_2018.txt,2018,416,416,416x416,0,False,False,empty
0513_2018,data\raw\2018\2018\0513_2018.jpg,data\raw\2018\2018\0513_2018.txt,2018,416,416,416x416,0,False,False,empty
0514_2018,data\raw\2018\2018\0514_2018.jpg,data\raw\2018\2018\0514_2018.txt,2018,416,416,416x416,0,False,False,empty
0515_2018,data\raw\2018\2018\0515_2018.jpg,data\raw\2018\2018\0515_2018.txt,2018,416,416,416x416,0,False,False,empty
0516_2018,data\raw\2018\2018\0516_2018.jpg,data\raw\2018\2018\0516_2018.txt,2018,416,416,416x416,0,False,False,empty
0517_2018,data\raw\2018\2018\0517_2018.jpg,data\raw\2018\2018\0517_2018.txt,2018,416,416,416x416,2,True,False,milco_only
0518_2018,data\raw\2018\2018\0518_2018.jpg,data\raw\2018\2018\0518_2018.txt,2018,416,416,416x416,0,False,False,empty
0519_2018,data\raw\2018\2018\0519_2018.jpg,data\raw\2018\2018\0519_2018.txt,2018,416,416,416x416,0,False,False,empty
0520_2018,data\raw\2018\2018\0520_2018.jpg,data\raw\2018\2018\0520_2018.txt,2018,416,416,416x416,0,False,False,empty
0521_2018,data\raw\2018\2018\0521_2018.jpg,data\raw\2018\2018\0521_2018.txt,2018,416,416,416x416,1,True,False,milco_only
0522_2018,data\raw\2018\2018\0522_2018.jpg,data\raw\2018\2018\0522_2018.txt,2018,416,416,416x416,0,False,False,empty
0523_2018,data\raw\2018\2018\0523_2018.jpg,data\raw\2018\2018\0523_2018.txt,2018,416,416,416x416,0,False,False,empty
0524_2018,data\raw\2018\2018\0524_2018.jpg,data\raw\2018\2018\0524_2018.txt,2018,416,416,416x416,0,False,False,empty
0525_2018,data\raw\2018\2018\0525_2018.jpg,data\raw\2018\2018\0525_2018.txt,2018,416,416,416x416,0,False,False,empty
0526_2018,data\raw\2018\2018\0526_2018.jpg,data\raw\2018\2018\0526_2018.txt,2018,416,416,416x416,0,False,False,empty
0527_2018,data\raw\2018\2018\0527_2018.jpg,data\raw\2018\2018\0527_2018.txt,2018,416,416,416x416,0,False,False,empty
0528_2018,data\raw\2018\2018\0528_2018.jpg,data\raw\2018\2018\0528_2018.txt,2018,416,416,416x416,0,False,False,empty
0529_2018,data\raw\2018\2018\0529_2018.jpg,data\raw\2018\2018\0529_2018.txt,2018,416,416,416x416,0,False,False,empty
0530_2018,data\raw\2018\2018\0530_2018.jpg,data\raw\2018\2018\0530_2018.txt,2018,416,416,416x416,0,False,False,empty
0531_2018,data\raw\2018\2018\0531_2018.jpg,data\raw\2018\2018\0531_2018.txt,2018,416,416,416x416,0,False,False,empty
0532_2018,data\raw\2018\2018\0532_2018.jpg,data\raw\2018\2018\0532_2018.txt,2018,416,416,416x416,0,False,False,empty
0533_2018,data\raw\2018\2018\0533_2018.jpg,data\raw\2018\2018\0533_2018.txt,2018,416,416,416x416,0,False,False,empty
0534_2018,data\raw\2018\2018\0534_2018.jpg,data\raw\2018\2018\0534_2018.txt,2018,416,416,416x416,0,False,False,empty
0535_2018,data\raw\2018\2018\0535_2018.jpg,data\raw\2018\2018\0535_2018.txt,2018,416,416,416x416,0,False,False,empty
0536_2018,data\raw\2018\2018\0536_2018.jpg,data\raw\2018\2018\0536_2018.txt,2018,416,416,416x416,0,False,False,empty
0537_2018,data\raw\2018\2018\0537_2018.jpg,data\raw\2018\2018\0537_2018.txt,2018,416,416,416x416,0,False,False,empty
0538_2018,data\raw\2018\2018\0538_2018.jpg,data\raw\2018\2018\0538_2018.txt,2018,416,416,416x416,0,False,False,empty
0539_2018,data\raw\2018\2018\0539_2018.jpg,data\raw\2018\2018\0539_2018.txt,2018,416,416,416x416,0,False,False,empty
0540_2018,data\raw\2018\2018\0540_2018.jpg,data\raw\2018\2018\0540_2018.txt,2018,416,416,416x416,0,False,False,empty
0541_2018,data\raw\2018\2018\0541_2018.jpg,data\raw\2018\2018\0541_2018.txt,2018,416,416,416x416,0,False,False,empty
0542_2018,data\raw\2018\2018\0542_2018.jpg,data\raw\2018\2018\0542_2018.txt,2018,416,416,416x416,0,False,False,empty
0543_2018,data\raw\2018\2018\0543_2018.jpg,data\raw\2018\2018\0543_2018.txt,2018,416,416,416x416,0,False,False,empty
0544_2018,data\raw\2018\2018\0544_2018.jpg,data\raw\2018\2018\0544_2018.txt,2018,416,416,416x416,0,False,False,empty
0545_2018,data\raw\2018\2018\0545_2018.jpg,data\raw\2018\2018\0545_2018.txt,2018,416,416,416x416,0,False,False,empty
0546_2018,data\raw\2018\2018\0546_2018.jpg,data\raw\2018\2018\0546_2018.txt,2018,416,416,416x416,0,False,False,empty
0547_2018,data\raw\2018\2018\0547_2018.jpg,data\raw\2018\2018\0547_2018.txt,2018,416,416,416x416,0,False,False,empty
0548_2018,data\raw\2018\2018\0548_2018.jpg,data\raw\2018\2018\0548_2018.txt,2018,416,416,416x416,0,False,False,empty
0549_2018,data\raw\2018\2018\0549_2018.jpg,data\raw\2018\2018\0549_2018.txt,2018,416,416,416x416,0,False,False,empty
0550_2018,data\raw\2018\2018\0550_2018.jpg,data\raw\2018\2018\0550_2018.txt,2018,416,416,416x416,0,False,False,empty
0551_2018,data\raw\2018\2018\0551_2018.jpg,data\raw\2018\2018\0551_2018.txt,2018,416,416,416x416,0,False,False,empty
0552_2018,data\raw\2018\2018\0552_2018.jpg,data\raw\2018\2018\0552_2018.txt,2018,416,416,416x416,0,False,False,empty
0553_2018,data\raw\2018\2018\0553_2018.jpg,data\raw\2018\2018\0553_2018.txt,2018,416,416,416x416,0,False,False,empty
0554_2018,data\raw\2018\2018\0554_2018.jpg,data\raw\2018\2018\0554_2018.txt,2018,416,416,416x416,0,False,False,empty
0555_2018,data\raw\2018\2018\0555_2018.jpg,data\raw\2018\2018\0555_2018.txt,2018,416,416,416x416,0,False,False,empty
0556_2018,data\raw\2018\2018\0556_2018.jpg,data\raw\2018\2018\0556_2018.txt,2018,416,416,416x416,0,False,False,empty
0557_2018,data\raw\2018\2018\0557_2018.jpg,data\raw\2018\2018\0557_2018.txt,2018,416,416,416x416,0,False,False,empty
0558_2018,data\raw\2018\2018\0558_2018.jpg,data\raw\2018\2018\0558_2018.txt,2018,416,416,416x416,0,False,False,empty
0559_2018,data\raw\2018\2018\0559_2018.jpg,data\raw\2018\2018\0559_2018.txt,2018,416,416,416x416,0,False,False,empty
0560_2018,data\raw\2018\2018\0560_2018.jpg,data\raw\2018\2018\0560_2018.txt,2018,416,416,416x416,0,False,False,empty
0561_2018,data\raw\2018\2018\0561_2018.jpg,data\raw\2018\2018\0561_2018.txt,2018,416,416,416x416,0,False,False,empty
0562_2018,data\raw\2018\2018\0562_2018.jpg,data\raw\2018\2018\0562_2018.txt,2018,416,416,416x416,0,False,False,empty
0563_2018,data\raw\2018\2018\0563_2018.jpg,data\raw\2018\2018\0563_2018.txt,2018,416,416,416x416,0,False,False,empty
0564_2018,data\raw\2018\2018\0564_2018.jpg,data\raw\2018\2018\0564_2018.txt,2018,416,416,416x416,0,False,False,empty
0001_2021,data\raw\2021\2021\0001_2021.jpg,data\raw\2021\2021\0001_2021.txt,2021,416,416,416x416,2,True,False,milco_only
0002_2021,data\raw\2021\2021\0002_2021.jpg,data\raw\2021\2021\0002_2021.txt,2021,416,416,416x416,0,False,False,empty
0003_2021,data\raw\2021\2021\0003_2021.jpg,data\raw\2021\2021\0003_2021.txt,2021,416,416,416x416,2,True,False,milco_only
0004_2021,data\raw\2021\2021\0004_2021.jpg,data\raw\2021\2021\0004_2021.txt,2021,416,416,416x416,0,False,False,empty
0005_2021,data\raw\2021\2021\0005_2021.jpg,data\raw\2021\2021\0005_2021.txt,2021,416,416,416x416,0,False,False,empty
0006_2021,data\raw\2021\2021\0006_2021.jpg,data\raw\2021\2021\0006_2021.txt,2021,416,416,416x416,0,False,False,empty
0007_2021,data\raw\2021\2021\0007_2021.jpg,data\raw\2021\2021\0007_2021.txt,2021,416,416,416x416,2,True,False,milco_only
0008_2021,data\raw\2021\2021\0008_2021.jpg,data\raw\2021\2021\0008_2021.txt,2021,416,416,416x416,3,True,False,milco_only
0009_2021,data\raw\2021\2021\0009_2021.jpg,data\raw\2021\2021\0009_2021.txt,2021,416,416,416x416,3,True,False,milco_only
0010_2021,data\raw\2021\2021\0010_2021.jpg,data\raw\2021\2021\0010_2021.txt,2021,416,416,416x416,3,True,False,milco_only
0011_2021,data\raw\2021\2021\0011_2021.jpg,data\raw\2021\2021\0011_2021.txt,2021,416,416,416x416,3,True,False,milco_only
0012_2021,data\raw\2021\2021\0012_2021.jpg,data\raw\2021\2021\0012_2021.txt,2021,416,416,416x416,2,True,False,milco_only
0013_2021,data\raw\2021\2021\0013_2021.jpg,data\raw\2021\2021\0013_2021.txt,2021,416,416,416x416,1,True,False,milco_only
0014_2021,data\raw\2021\2021\0014_2021.jpg,data\raw\2021\2021\0014_2021.txt,2021,416,416,416x416,0,False,False,empty
0015_2021,data\raw\2021\2021\0015_2021.jpg,data\raw\2021\2021\0015_2021.txt,2021,416,416,416x416,1,True,False,milco_only
0016_2021,data\raw\2021\2021\0016_2021.jpg,data\raw\2021\2021\0016_2021.txt,2021,416,416,416x416,2,True,False,milco_only
0017_2021,data\raw\2021\2021\0017_2021.jpg,data\raw\2021\2021\0017_2021.txt,2021,416,416,416x416,0,False,False,empty
0018_2021,data\raw\2021\2021\0018_2021.jpg,data\raw\2021\2021\0018_2021.txt,2021,416,416,416x416,1,True,False,milco_only
0019_2021,data\raw\2021\2021\0019_2021.jpg,data\raw\2021\2021\0019_2021.txt,2021,416,416,416x416,1,True,False,milco_only
0020_2021,data\raw\2021\2021\0020_2021.jpg,data\raw\2021\2021\0020_2021.txt,2021,416,416,416x416,2,True,False,milco_only
0021_2021,data\raw\2021\2021\0021_2021.jpg,data\raw\2021\2021\0021_2021.txt,2021,416,416,416x416,1,True,False,milco_only
0022_2021,data\raw\2021\2021\0022_2021.jpg,data\raw\2021\2021\0022_2021.txt,2021,416,416,416x416,0,False,False,empty
0023_2021,data\raw\2021\2021\0023_2021.jpg,data\raw\2021\2021\0023_2021.txt,2021,416,416,416x416,1,True,False,milco_only
0024_2021,data\raw\2021\2021\0024_2021.jpg,data\raw\2021\2021\0024_2021.txt,2021,416,416,416x416,1,True,False,milco_only
0025_2021,data\raw\2021\2021\0025_2021.jpg,data\raw\2021\2021\0025_2021.txt,2021,416,416,416x416,0,False,False,empty
0026_2021,data\raw\2021\2021\0026_2021.jpg,data\raw\2021\2021\0026_2021.txt,2021,416,416,416x416,1,True,False,milco_only
0027_2021,data\raw\2021\2021\0027_2021.jpg,data\raw\2021\2021\0027_2021.txt,2021,416,416,416x416,1,True,False,milco_only
0028_2021,data\raw\2021\2021\0028_2021.jpg,data\raw\2021\2021\0028_2021.txt,2021,416,416,416x416,1,True,False,milco_only
0029_2021,data\raw\2021\2021\0029_2021.jpg,data\raw\2021\2021\0029_2021.txt,2021,416,416,416x416,0,False,False,empty
0030_2021,data\raw\2021\2021\0030_2021.jpg,data\raw\2021\2021\0030_2021.txt,2021,416,416,416x416,0,False,False,empty
0031_2021,data\raw\2021\2021\0031_2021.jpg,data\raw\2021\2021\0031_2021.txt,2021,416,416,416x416,1,True,False,milco_only
0032_2021,data\raw\2021\2021\0032_2021.jpg,data\raw\2021\2021\0032_2021.txt,2021,416,416,416x416,2,True,False,milco_only
0033_2021,data\raw\2021\2021\0033_2021.jpg,data\raw\2021\2021\0033_2021.txt,2021,416,416,416x416,0,False,False,empty
0034_2021,data\raw\2021\2021\0034_2021.jpg,data\raw\2021\2021\0034_2021.txt,2021,416,416,416x416,2,True,False,milco_only
0035_2021,data\raw\2021\2021\0035_2021.jpg,data\raw\2021\2021\0035_2021.txt,2021,416,416,416x416,3,True,False,milco_only
0036_2021,data\raw\2021\2021\0036_2021.jpg,data\raw\2021\2021\0036_2021.txt,2021,416,416,416x416,0,False,False,empty
0037_2021,data\raw\2021\2021\0037_2021.jpg,data\raw\2021\2021\0037_2021.txt,2021,416,416,416x416,4,True,False,milco_only
0038_2021,data\raw\2021\2021\0038_2021.jpg,data\raw\2021\2021\0038_2021.txt,2021,416,416,416x416,0,False,False,empty
0039_2021,data\raw\2021\2021\0039_2021.jpg,data\raw\2021\2021\0039_2021.txt,2021,416,416,416x416,0,False,False,empty
0040_2021,data\raw\2021\2021\0040_2021.jpg,data\raw\2021\2021\0040_2021.txt,2021,416,416,416x416,2,True,False,milco_only
0041_2021,data\raw\2021\2021\0041_2021.jpg,data\raw\2021\2021\0041_2021.txt,2021,416,416,416x416,1,True,False,milco_only
0042_2021,data\raw\2021\2021\0042_2021.jpg,data\raw\2021\2021\0042_2021.txt,2021,416,416,416x416,0,False,False,empty
0043_2021,data\raw\2021\2021\0043_2021.jpg,data\raw\2021\2021\0043_2021.txt,2021,416,416,416x416,0,False,False,empty
0044_2021,data\raw\2021\2021\0044_2021.jpg,data\raw\2021\2021\0044_2021.txt,2021,416,416,416x416,0,False,False,empty
0045_2021,data\raw\2021\2021\0045_2021.jpg,data\raw\2021\2021\0045_2021.txt,2021,416,416,416x416,0,False,False,empty
0046_2021,data\raw\2021\2021\0046_2021.jpg,data\raw\2021\2021\0046_2021.txt,2021,416,416,416x416,0,False,False,empty
0047_2021,data\raw\2021\2021\0047_2021.jpg,data\raw\2021\2021\0047_2021.txt,2021,416,416,416x416,0,False,False,empty
0048_2021,data\raw\2021\2021\0048_2021.jpg,data\raw\2021\2021\0048_2021.txt,2021,416,416,416x416,0,False,False,empty
